t,x,y,z
0,-1,2,0
0.01,-1.00000449999663,2.0029999955,0
0.02,-1.000017999946,2.00599996400006,0
0.03,-1.00004049972663,2.00899987850049,0
0.04,-1.000071999136,2.01199971200207,0
0.05,-1.00011249789064,2.01499943750633,0
0.06,-1.00016199562605,2.01799902801575,0
0.07,-1.00022049189674,2.02099845653403,0
0.08,-1.00028798617627,2.02399769606635,0
0.09,-1.00036447785716,2.02699671961957,0
0.1,-1.00044996625101,2.0299955002025,0
0.11,-1.00054445058842,2.03299401082612,0
0.12,-1.00064793001902,2.03599222450387,0
0.13,-1.00076040361151,2.03899011425184,0
0.14,-1.00088187035362,2.04198765308905,0
0.15,-1.00101232915216,2.04498481403766,0
0.16,-1.00115177883299,2.04798157012325,0
0.17,-1.00130021814106,2.05097789437503,0
0.18,-1.00145764574044,2.05397375982611,0
0.19,-1.00162406021426,2.05696913951371,0
0.2,-1.0017994600648,2.05996400647944,0
0.21,-1.00198384371346,2.06295833376952,0
0.22,-1.00217720950079,2.06595209443502,0
0.23,-1.0023795556865,2.06894526153212,0
0.24,-1.00259088044947,2.07193780812232,0
0.25,-1.00281118188779,2.07492970727274,0
0.26,-1.00304045801874,2.0779209320563,0
0.27,-1.00327870677884,2.080911455552,0
0.28,-1.00352592602385,2.08390125084514,0
0.29,-1.0037821135288,2.08689029102759,0
0.3,-1.00404726698801,2.08987854919801,0
0.31,-1.00432138401508,2.09286599846209,0
0.32,-1.00460446214298,2.09585261193282,0
0.33,-1.00489649882401,2.09883836273068,0
0.34,-1.00519749142982,2.10182322398395,0
0.35,-1.0055074372515,2.10480716882888,0
0.36,-1.00582633349953,2.10779017041001,0
0.37,-1.00615417730385,2.11077220188033,0
0.38,-1.00649096571387,2.11375323640158,0
0.39,-1.00683669569848,2.11673324714447,0
0.4,-1.00719136414613,2.11971220728892,0
0.41,-1.00755496786481,2.12269009002432,0
0.42,-1.00792750358207,2.12566686854973,0
0.43,-1.0083089679451,2.12864251607417,0
0.44,-1.00869935752073,2.13161700581684,0
0.45,-1.00909866879545,2.13459031100735,0
0.46,-1.00950689817546,2.13756240488596,0
0.47,-1.00992404198671,2.14053326070386,0
0.48,-1.01035009647489,2.14350285172336,0
0.49,-1.01078505780552,2.14647115121817,0
0.5,-1.01122892206396,2.1494381324736,0
0.51,-1.01168168525542,2.15240376878685,0
0.52,-1.01214334330505,2.15536803346721,0
0.53,-1.01261389205791,2.15833089983631,0
0.54,-1.01309332727909,2.16129234122839,0
0.55,-1.01358164465365,2.16425233099048,0
0.56,-1.01407883978676,2.1672108424827,0
0.57,-1.01458490820365,2.17016784907847,0
0.58,-1.01509984534972,2.17312332416475,0
0.59,-1.01562364659053,2.17607724114228,0
0.6,-1.01615630721188,2.17902957342582,0
0.61,-1.01669782241982,2.18198029444442,0
0.62,-1.01724818734072,2.18492937764159,0
0.63,-1.01780739702131,2.18787679647561,0
0.64,-1.01837544642869,2.19082252441973,0
0.65,-1.01895233045042,2.19376653496242,0
0.66,-1.01953804389456,2.1967088016076,0
0.67,-1.02013258148969,2.1996492978749,0
0.68,-1.02073593788497,2.20258799729986,0
0.69,-1.0213481076502,2.20552487343422,0
0.7,-1.02196908527585,2.2084598998461,0
0.71,-1.02259886517314,2.21139305012029,0
0.72,-1.02323744167404,2.21432429785845,0
0.73,-1.02388480903137,2.21725361667939,0
0.74,-1.02454096141883,2.22018098021923,0
0.75,-1.02520589293106,2.22310636213175,0
0.76,-1.02587959758367,2.2260297360885,0
0.77,-1.02656206931332,2.22895107577916,0
0.78,-1.02725330197778,2.23187035491169,0
0.79,-1.02795328935596,2.23478754721258,0
0.8,-1.02866202514797,2.23770262642713,0
0.81,-1.0293795029752,2.24061556631966,0
0.82,-1.03010571638035,2.2435263406737,0
0.83,-1.03084065882751,2.24643492329233,0
0.84,-1.03158432370219,2.24934128799831,0
0.85,-1.03233670431142,2.25224540863438,0
0.86,-1.03309779388379,2.25514725906347,0
0.87,-1.03386758556948,2.25804681316896,0
0.88,-1.03464607244038,2.26094404485487,0
0.89,-1.03543324749011,2.26383892804614,0
0.9,-1.03622910363411,2.26673143668883,0
0.91,-1.03703363370967,2.2696215447504,0
0.92,-1.03784683047602,2.27250922621988,0
0.93,-1.0386686866144,2.27539445510817,0
0.94,-1.03949919472812,2.27827720544822,0
0.95,-1.0403383473426,2.28115745129529,0
0.96,-1.04118613690547,2.28403516672721,0
0.97,-1.04204255578665,2.28691032584454,0
0.98,-1.04290759627835,2.28978290277088,0
0.99,-1.04378125059523,2.29265287165304,0
1,-1.04466351087439,2.29552020666134,0
1.01,-1.04555436917551,2.29838488198977,0
1.02,-1.04645381748087,2.30124687185628,0
1.03,-1.04736184769543,2.30410615050297,0
1.04,-1.04827845164693,2.30696269219637,0
1.05,-1.04920362108595,2.3098164712276,0
1.06,-1.05013734768595,2.31266746191269,0
1.07,-1.05107962304342,2.31551563859273,0
1.08,-1.05203043867787,2.31836097563415,0
1.09,-1.05298978603197,2.32120344742894,0
1.1,-1.05395765647161,2.32404302839487,0
1.11,-1.05493404128596,2.32687969297573,0
1.12,-1.05591893168755,2.32971341564156,0
1.13,-1.05691231881239,2.33254417088888,0
1.14,-1.05791419371999,2.3353719332409,0
1.15,-1.05892454739349,2.33819667724779,0
1.16,-1.05994337073971,2.34101837748687,0
1.17,-1.06097065458924,2.34383700856285,0
1.18,-1.06200638969655,2.34665254510807,0
1.19,-1.06305056674002,2.34946496178273,0
1.2,-1.06410317632207,2.35227423327509,0
1.21,-1.0651642089692,2.35508033430173,0
1.22,-1.06623365513215,2.35788323960776,0
1.23,-1.0673115051859,2.36068292396704,0
1.24,-1.06839774942981,2.36347936218245,0
1.25,-1.06949237808769,2.36627252908605,0
1.26,-1.07059538130788,2.36906239953936,0
1.27,-1.07170674916336,2.37184894843356,0
1.28,-1.07282647165184,2.37463215068974,0
1.29,-1.07395453869581,2.37741198125909,0
1.3,-1.07509094014269,2.38018841512316,0
1.31,-1.07623566576486,2.38296142729406,0
1.32,-1.0773887052598,2.3857309928147,0
1.33,-1.07855004825017,2.388497086759,0
1.34,-1.07971968428388,2.39125968423215,0
1.35,-1.08089760283423,2.39401876037078,0
1.36,-1.08208379329994,2.39677429034323,0
1.37,-1.08327824500532,2.39952624934974,0
1.38,-1.0844809472003,2.4022746126227,0
1.39,-1.08569188906058,2.40501935542687,0
1.4,-1.08691105968769,2.40776045305957,0
1.41,-1.0881384481091,2.41049788085095,0
1.42,-1.08937404327832,2.41323161416417,0
1.43,-1.090617834075,2.41596162839565,0
1.44,-1.09186980930504,2.41868789897528,0
1.45,-1.09312995770066,2.42141040136665,0
1.46,-1.09439826792055,2.42412911106725,0
1.47,-1.09567472854991,2.42684400360871,0
1.48,-1.0969593281006,2.42955505455703,0
1.49,-1.09825205501126,2.43226223951275,0
1.5,-1.09955289764732,2.43496553411123,0
1.51,-1.10086184430123,2.43766491402284,0
1.52,-1.10217888319248,2.44036035495318,0
1.53,-1.10350400246771,2.4430518326433,0
1.54,-1.10483719020087,2.44573932286992,0
1.55,-1.10617843439328,2.44842280144563,0
1.56,-1.10752772297374,2.45110224421917,0
1.57,-1.10888504379868,2.45377762707554,0
1.58,-1.1102503846522,2.45644892593634,0
1.59,-1.11162373324626,2.45911611675989,0
1.6,-1.11300507722072,2.46177917554148,0
1.61,-1.11439440414349,2.46443807831361,0
1.62,-1.11579170151066,2.46709280114618,0
1.63,-1.11719695674654,2.46974332014668,0
1.64,-1.11861015720385,2.47238961146047,0
1.65,-1.1200312901638,2.47503165127095,0
1.66,-1.12146034283619,2.47766941579977,0
1.67,-1.12289730235957,2.48030288130708,0
1.68,-1.12434215580131,2.4829320240917,0
1.69,-1.12579489015774,2.48555682049136,0
1.7,-1.12725549235425,2.48817724688291,0
1.71,-1.12872394924544,2.49079327968253,0
1.72,-1.13020024761521,2.49340489534595,0
1.73,-1.13168437417687,2.49601207036865,0
1.74,-1.13317631557331,2.49861478128606,0
1.75,-1.13467605837706,2.5012130046738,0
1.76,-1.13618358909044,2.50380671714788,0
1.77,-1.13769889414569,2.50639589536491,0
1.78,-1.13922195990507,2.5089805160223,0
1.79,-1.140752772661,2.51156055585848,0
1.8,-1.14229131863618,2.51413599165311,0
1.81,-1.1438375839837,2.51670680022729,0
1.82,-1.14539155478718,2.51927295844375,0
1.83,-1.1469532170609,2.52183444320709,0
1.84,-1.14852255674992,2.52439123146397,0
1.85,-1.15009955973017,2.5269433002033,0
1.86,-1.15168421180865,2.52949062645649,0
1.87,-1.15327649872349,2.53203318729761,0
1.88,-1.15487640614414,2.53457095984364,0
1.89,-1.15648391967142,2.53710392125464,0
1.9,-1.15809902483773,2.53963204873397,0
1.91,-1.15972170710714,2.54215531952851,0
1.92,-1.16135195187551,2.54467371092883,0
1.93,-1.16298974447065,2.54718720026942,0
1.94,-1.16463507015244,2.54969576492891,0
1.95,-1.16628791411296,2.55219938233023,0
1.96,-1.16794826147663,2.55469802994083,0
1.97,-1.16961609730033,2.55719168527291,0
1.98,-1.17129140657354,2.55968032588358,0
1.99,-1.17297417421851,2.56216392937509,0
2,-1.17466438509032,2.56464247339504,0
2.01,-1.1763620239771,2.56711593563653,0
2.02,-1.1780670756001,2.56958429383843,0
2.03,-1.17977952461387,2.57204752578554,0
2.04,-1.18149935560639,2.57450560930877,0
2.05,-1.18322655309918,2.5769585222854,0
2.06,-1.18496110154748,2.57940624263922,0
2.07,-1.18670298534036,2.58184874834077,0
2.08,-1.18845218880088,2.58428601740751,0
2.09,-1.19020869618623,2.58671802790403,0
2.1,-1.19197249168785,2.58914475794227,0
2.11,-1.19374355943159,2.59156618568166,0
2.12,-1.19552188347784,2.59398228932938,0
2.13,-1.19730744782172,2.59639304714049,0
2.14,-1.19910023639315,2.59879843741822,0
2.15,-1.20090023305705,2.60119843851404,0
2.16,-1.20270742161345,2.60359302882798,0
2.17,-1.20452178579768,2.60598218680873,0
2.18,-1.20634330928047,2.60836589095389,0
2.19,-1.20817197566811,2.61074411981014,0
2.2,-1.21000776850263,2.61311685197343,0
2.21,-1.21185067126191,2.6154840660892,0
2.22,-1.21370066735982,2.61784574085252,0
2.23,-1.21555774014641,2.62020185500835,0
2.24,-1.21742187290805,2.62255238735167,0
2.25,-1.21929304886755,2.6248973167277,0
2.26,-1.22117125118434,2.6272366220321,0
2.27,-1.22305646295462,2.62957028221114,0
2.28,-1.22494866721148,2.63189827626188,0
2.29,-1.22684784692511,2.63422058323241,0
2.3,-1.22875398500289,2.63653718222197,0
2.31,-1.23066706428961,2.63884805238118,0
2.32,-1.23258706756755,2.64115317291224,0
2.33,-1.23451397755671,2.64345252306906,0
2.34,-1.23644777691489,2.64574608215753,0
2.35,-1.23838844823794,2.64803382953561,0
2.36,-1.24033597405981,2.6503157446136,0
2.37,-1.24229033685278,2.65259180685428,0
2.38,-1.24425151902761,2.6548619957731,0
2.39,-1.24621950293366,2.65712629093838,0
2.4,-1.2481942708591,2.65938467197147,0
2.41,-1.25017580503103,2.66163711854697,0
2.42,-1.25216408761566,2.66388361039287,0
2.43,-1.25415910071844,2.66612412729076,0
2.44,-1.25616082638429,2.668358649076,0
2.45,-1.25816924659767,2.6705871556379,0
2.46,-1.26018434328283,2.67280962691994,0
2.47,-1.26220609830391,2.67502604291987,0
2.48,-1.26423449346512,2.67723638368997,0
2.49,-1.26626951051092,2.67944062933719,0
2.5,-1.26831113112618,2.68163876002333,0
2.51,-1.27035933693632,2.68383075596524,0
2.52,-1.2724141095075,2.68601659743495,0
2.53,-1.27447543034678,2.68819626475992,0
2.54,-1.27654328090229,2.69036973832315,0
2.55,-1.27861764256339,2.6925369985634,0
2.56,-1.28069849666084,2.69469802597534,0
2.57,-1.28278582446697,2.69685280110973,0
2.58,-1.28487960719583,2.69900130457361,0
2.59,-1.2869798260034,2.70114351703047,0
2.6,-1.28908646198772,2.70327941920041,0
2.61,-1.29119949618909,2.70540899186032,0
2.62,-1.29331890959021,2.70753221584407,0
2.63,-1.29544468311637,2.70964907204266,0
2.64,-1.29757679763562,2.71175954140438,0
2.65,-1.29971523395896,2.71386360493504,0
2.66,-1.30185997284046,2.71596124369807,0
2.67,-1.3040109949775,2.71805243881474,0
2.68,-1.30616828101088,2.7201371714643,0
2.69,-1.30833181152505,2.72221542288419,0
2.7,-1.31050156704825,2.72428717437014,0
2.71,-1.31267752805269,2.72635240727642,0
2.72,-1.31485967495474,2.72841110301593,0
2.73,-1.31704798811509,2.73046324306043,0
2.74,-1.31924244783894,2.73250880894067,0
2.75,-1.32144303437616,2.73454778224658,0
2.76,-1.32364972792149,2.7365801446274,0
2.77,-1.32586250861471,2.7386058777919,0
2.78,-1.32808135654079,2.74062496350848,0
2.79,-1.33030625173014,2.74263738360539,0
2.8,-1.33253717415869,2.74464311997086,0
2.81,-1.33477410374818,2.74664215455328,0
2.82,-1.33701702036624,2.74863446936134,0
2.83,-1.33926590382664,2.75062004646423,0
2.84,-1.34152073388944,2.75259886799178,0
2.85,-1.3437814902612,2.75457091613459,0
2.86,-1.34604815259512,2.75653617314424,0
2.87,-1.34832070049124,2.75849462133345,0
2.88,-1.35059911349667,2.76044624307619,0
2.89,-1.35288337110569,2.76239102080787,0
2.9,-1.35517345276,2.76432893702551,0
2.91,-1.35746933784888,2.76625997428787,0
2.92,-1.35977100570939,2.76818411521564,0
2.93,-1.36207843562652,2.77010134249156,0
2.94,-1.36439160683343,2.77201163886059,0
2.95,-1.36671049851158,2.77391498713008,0
2.96,-1.36903508979098,2.77581137016992,0
2.97,-1.37136535975031,2.77770077091265,0
2.98,-1.37370128741715,2.7795831723537,0
2.99,-1.37604285176818,2.78145855755147,0
3,-1.37839003172934,2.78332690962748,0
3.01,-1.38074280617601,2.7851882117666,0
3.02,-1.38310115393324,2.78704244721711,0
3.03,-1.38546505377593,2.78888959929092,0
3.04,-1.38783448442899,2.79072965136365,0
3.05,-1.39020942456755,2.79256258687485,0
3.06,-1.39258985281718,2.79438838932813,0
3.07,-1.39497574775403,2.79620704229126,0
3.08,-1.39736708790506,2.79801852939639,0
3.09,-1.39976385174824,2.79982283434014,0
3.1,-1.4021660177127,2.80161994088378,0
3.11,-1.40457356417897,2.80340983285336,0
3.12,-1.40698646947914,2.80519249413987,0
3.13,-1.40940471189708,2.80696790869936,0
3.14,-1.41182826966862,2.80873606055313,0
3.15,-1.41425712098177,2.81049693378781,0
3.16,-1.41669124397688,2.81225051255556,0
3.17,-1.41913061674686,2.81399678107417,0
3.18,-1.42157521733736,2.81573572362725,0
3.19,-1.424025023747,2.81746732456433,0
3.2,-1.42648001392754,2.819191568301,0
3.21,-1.42894016578409,2.82090843931908,0
3.22,-1.43140545717529,2.82261792216676,0
3.23,-1.43387586591353,2.82432000145868,0
3.24,-1.43635136976516,2.82601466187616,0
3.25,-1.43883194645066,2.82770188816726,0
3.26,-1.44131757364485,2.82938166514695,0
3.27,-1.44380822897711,2.83105397769725,0
3.28,-1.44630389003155,2.83271881076736,0
3.29,-1.44880453434725,2.8343761493738,0
3.3,-1.45131013941841,2.83602597860052,0
3.31,-1.45382068269462,2.83766828359908,0
3.32,-1.456336141581,2.83930304958874,0
3.33,-1.45885649343843,2.84093026185662,0
3.34,-1.46138171558377,2.84254990575782,0
3.35,-1.46391178529003,2.84416196671556,0
3.36,-1.46644667978661,2.84576643022129,0
3.37,-1.46898637625946,2.84736328183486,0
3.38,-1.47153085185135,2.84895250718461,0
3.39,-1.474080083662,2.85053409196753,0
3.4,-1.47663404874835,2.85210802194936,0
3.41,-1.47919272412473,2.85367428296475,0
3.42,-1.48175608676307,2.85523286091735,0
3.43,-1.48432411359314,2.85678374177998,0
3.44,-1.4868967815027,2.85832691159471,0
3.45,-1.48947406733777,2.85986235647303,0
3.46,-1.49205594790278,2.86139006259595,0
3.47,-1.49464239996084,2.86291001621412,0
3.48,-1.49723340023388,2.86442220364797,0
3.49,-1.49982892540293,2.86592661128782,0
3.5,-1.50242895210827,2.86742322559402,0
3.51,-1.50503345694969,2.86891203309704,0
3.52,-1.50764241648665,2.87039302039762,0
3.53,-1.51025580723854,2.8718661741669,0
3.54,-1.51287360568486,2.87333148114649,0
3.55,-1.51549578826544,2.87478892814865,0
3.56,-1.51812233138065,2.87623850205637,0
3.57,-1.52075321139163,2.87768018982347,0
3.58,-1.52338840462048,2.8791139784748,0
3.59,-1.52602788735046,2.88053985510625,0
3.6,-1.52867163582626,2.88195780688495,0
3.61,-1.53131962625415,2.88336782104934,0
3.62,-1.53397183480225,2.8847698849093,0
3.63,-1.53662823760068,2.88616398584627,0
3.64,-1.53928881074185,2.88755011131335,0
3.65,-1.54195353028062,2.88892824883542,0
3.66,-1.54462237223452,2.89029838600925,0
3.67,-1.54729531258399,2.89166051050362,0
3.68,-1.5499723272726,2.89301461005941,0
3.69,-1.55265339220722,2.89436067248974,0
3.7,-1.55533848325829,2.89569868568005,0
3.71,-1.55802757626002,2.89702863758823,0
3.72,-1.56072064701057,2.89835051624474,0
3.73,-1.56341767127233,2.89966430975266,0
3.74,-1.56611862477211,2.90097000628786,0
3.75,-1.56882348320133,2.9022675940991,0
3.76,-1.5715322222163,2.90355706150807,0
3.77,-1.57424481743837,2.90483839690959,0
3.78,-1.57696124445421,2.90611158877164,0
3.79,-1.579681478816,2.90737662563552,0
3.8,-1.58240549604164,2.90863349611588,0
3.81,-1.585133271615,2.90988218890092,0
3.82,-1.58786478098611,2.91112269275239,0
3.83,-1.59059999957141,2.91235499650579,0
3.84,-1.59333890275395,2.91357908907037,0
3.85,-1.59608146588363,2.91479495942931,0
3.86,-1.59882766427738,2.9160025966398,0
3.87,-1.60157747321945,2.9172019898331,0
3.88,-1.60433086796156,2.91839312821468,0
3.89,-1.6070878237232,2.91957600106431,0
3.9,-1.60984831569177,2.92075059773614,0
3.91,-1.61261231902286,2.9219169076588,0
3.92,-1.61537980884047,2.92307492033551,0
3.93,-1.61815076023721,2.92422462534417,0
3.94,-1.62092514827452,2.92536601233745,0
3.95,-1.62370294798294,2.92649907104285,0
3.96,-1.62648413436229,2.92762379126288,0
3.97,-1.62926868238191,2.92874016287504,0
3.98,-1.63205656698088,2.929848175832,0
3.99,-1.63484776306827,2.93094782016166,0
4,-1.63764224552333,2.93203908596723,0
4.01,-1.64043998919573,2.93312196342731,0
4.02,-1.6432409689058,2.93419644279601,0
4.03,-1.64604515944474,2.93526251440304,0
4.04,-1.64885253557486,2.93632016865375,0
4.05,-1.65166307202978,2.93736939602927,0
4.06,-1.65447674351471,2.93841018708654,0
4.07,-1.65729352470661,2.93944253245847,0
4.08,-1.66011339025448,2.94046642285395,0
4.09,-1.66293631477954,2.94148184905797,0
4.1,-1.6657622728755,2.9424888019317,0
4.11,-1.66859123910874,2.94348727241257,0
4.12,-1.67142318801859,2.94447725151437,0
4.13,-1.67425809411753,2.94545873032727,0
4.14,-1.67709593189143,2.94643170001799,0
4.15,-1.67993667579976,2.94739615182979,0
4.16,-1.68278030027585,2.94835207708262,0
4.17,-1.68562677972709,2.94929946717316,0
4.18,-1.68847608853519,2.9502383135749,0
4.19,-1.6913282010564,2.95116860783823,0
4.2,-1.69418309162171,2.95209034159052,0
4.21,-1.69704073453713,2.95300350653615,0
4.22,-1.6999011040839,2.95390809445666,0
4.23,-1.7027641745187,2.95480409721076,0
4.24,-1.70562992007393,2.95569150673443,0
4.25,-1.70849831495789,2.95657031504099,0
4.26,-1.71136933335505,2.95744051422117,0
4.27,-1.71424294942626,2.95830209644318,0
4.28,-1.71711913730899,2.9591550539528,0
4.29,-1.71999787111758,2.9599993790734,0
4.3,-1.72287912494344,2.96083506420607,0
4.31,-1.72576287285531,2.96166210182965,0
4.32,-1.72864908889947,2.96248048450081,0
4.33,-1.73153774709999,2.9632902048541,0
4.34,-1.73442882145898,2.96409125560205,0
4.35,-1.73732228595679,2.96488362953521,0
4.36,-1.74021811455224,2.96566731952221,0
4.37,-1.74311628118292,2.96644231850986,0
4.38,-1.74601675976533,2.96720861952316,0
4.39,-1.74891952419518,2.96796621566542,0
4.4,-1.75182454834763,2.96871510011827,0
4.41,-1.75473180607746,2.96945526614175,0
4.42,-1.75764127121938,2.97018670707439,0
4.43,-1.76055291758823,2.97090941633321,0
4.44,-1.7634667189792,2.97162338741384,0
4.45,-1.76638264916811,2.97232861389053,0
4.46,-1.76930068191159,2.97302508941627,0
4.47,-1.77222079094738,2.97371280772277,0
4.48,-1.77514294999452,2.97439176262058,0
4.49,-1.77806713275358,2.97506194799909,0
4.5,-1.78099331290696,2.97572335782666,0
4.51,-1.78392146411904,2.97637598615059,0
4.52,-1.78685156003648,2.97701982709724,0
4.53,-1.78978357428845,2.97765487487204,0
4.54,-1.79271748048682,2.97828112375956,0
4.55,-1.79565325222648,2.97889856812357,0
4.56,-1.79859086308548,2.97950720240708,0
4.57,-1.80153028662536,2.98010702113238,0
4.58,-1.80447149639132,2.9806980189011,0
4.59,-1.80741446591249,2.98128019039428,0
4.6,-1.81035916870217,2.98185353037236,0
4.61,-1.81330557825804,2.9824180336753,0
4.62,-1.81625366806246,2.98297369522256,0
4.63,-1.81920341158262,2.98352051001321,0
4.64,-1.82215478227086,2.9840584731259,0
4.65,-1.82510775356485,2.98458757971897,0
4.66,-1.82806229888789,2.98510782503048,0
4.67,-1.83101839164907,2.98561920437821,0
4.68,-1.83397600524359,2.98612171315975,0
4.69,-1.83693511305294,2.98661534685253,0
4.7,-1.83989568844517,2.98710010101385,0
4.71,-1.84285770477512,2.98757597128092,0
4.72,-1.84582113538467,2.98804295337092,0
4.73,-1.84878595360297,2.98850104308101,0
4.74,-1.85175213274666,2.98895023628838,0
4.75,-1.85471964612015,2.9893905289503,0
4.76,-1.85768846701585,2.98982191710413,0
4.77,-1.86065856871438,2.9902443968674,0
4.78,-1.86362992448486,2.99065796443777,0
4.79,-1.86660250758509,2.99106261609316,0
4.8,-1.86957629126185,2.99145834819169,0
4.81,-1.87255124875112,2.99184515717177,0
4.82,-1.87552735327828,2.99222303955214,0
4.83,-1.87850457805843,2.99259199193185,0
4.84,-1.88148289629655,2.99295201099033,0
4.85,-1.88446228118781,2.99330309348742,0
4.86,-1.88744270591775,2.99364523626337,0
4.87,-1.89042414366258,2.9939784362389,0
4.88,-1.89340656758938,2.99430269041521,0
4.89,-1.89638995085635,2.99461799587402,0
4.9,-1.89937426661307,2.99492434977758,0
4.91,-1.9023594880007,2.99522174936871,0
4.92,-1.90534558815229,2.99551019197081,0
4.93,-1.90833254019294,2.99578967498791,0
4.94,-1.91132031724011,2.99606019590465,0
4.95,-1.91430889240383,2.99632175228635,0
4.96,-1.91729823878694,2.99657434177901,0
4.97,-1.92028832948534,2.99681796210931,0
4.98,-1.92327913758824,2.99705261108469,0
4.99,-1.92627063617838,2.9972782865933,0
5,-1.9292627983323,2.99749498660405,0
5.01,-1.93225559712055,2.99770270916667,0
5.02,-1.93524900560798,2.99790145241163,0
5.03,-1.93824299685391,2.99809121455026,0
5.04,-1.94123754391246,2.9982719938747,0
5.05,-1.94423261983272,2.99844378875792,0
5.06,-1.94722819765902,2.99860659765379,0
5.07,-1.95022425043119,2.99876041909702,0
5.08,-1.95322075118476,2.99890525170322,0
5.09,-1.95621767295126,2.9990410941689,0
5.1,-1.95921498875841,2.99916794527148,0
5.11,-1.96221267163038,2.99928580386929,0
5.12,-1.96521069458806,2.99939466890161,0
5.13,-1.96820903064924,2.99949453938865,0
5.14,-1.97120765282894,2.99958541443159,0
5.15,-1.97420653413957,2.99966729321255,0
5.16,-1.97720564759122,2.99974017499462,0
5.17,-1.98020496619188,2.99980405912185,0
5.18,-1.98320446294771,2.99985894501931,0
5.19,-1.98620411086327,2.99990483219301,0
5.2,-1.98920388294173,2.99994172022997,0
5.21,-1.99220375218518,2.99996960879819,0
5.22,-1.9952036915948,2.99998849764669,0
5.23,-1.99820367417116,2.99999838660546,0
5.24,-2.00120367291445,2.9999992755855,0
5.25,-2.00420366082469,2.9999911645788,0
5.26,-2.00720361090201,2.99997405365838,0
5.27,-2.01020349614688,2.99994794297822,0
5.28,-2.01320328956035,2.99991283277333,0
5.29,-2.0162029641443,2.99986872335969,0
5.3,-2.01920249290169,2.99981561513429,0
5.31,-2.02220184883677,2.9997535085751,0
5.32,-2.02520100495537,2.99968240424109,0
5.33,-2.02819993426508,2.99960230277218,0
5.34,-2.03119860977558,2.9995132048893,0
5.35,-2.0341970044988,2.99941511139431,0
5.36,-2.03719509144922,2.99930802317008,0
5.37,-2.04019284364406,2.99919194118037,0
5.38,-2.04319023410357,2.99906686646995,0
5.39,-2.04618723585128,2.99893280016446,0
5.4,-2.04918382191417,2.99878974347052,0
5.41,-2.052179965323,2.99863769767563,0
5.42,-2.05517563911249,2.99847666414821,0
5.43,-2.0581708163216,2.99830664433754,0
5.44,-2.06116546999376,2.99812763977381,0
5.45,-2.0641595731771,2.99793965206807,0
5.46,-2.06715309892471,2.99774268291219,0
5.47,-2.07014602029489,2.9975367340789,0
5.48,-2.07313831035136,2.99732180742173,0
5.49,-2.07612994216353,2.99709790487503,0
5.5,-2.07912088880673,2.99686502845392,0
5.51,-2.08211112336247,2.99662318025428,0
5.52,-2.08510061891866,2.99637236245274,0
5.53,-2.08808934856984,2.99611257730667,0
5.54,-2.09107728541749,2.99584382715413,0
5.55,-2.09406440257018,2.99556611441386,0
5.56,-2.09705067314388,2.99527944158529,0
5.57,-2.10003607026218,2.99498381124845,0
5.58,-2.10302056705652,2.99467922606404,0
5.59,-2.10600413666645,2.9943656887733,0
5.6,-2.10898675223987,2.99404320219808,0
5.61,-2.11196838693326,2.99371176924074,0
5.62,-2.11494901391191,2.99337139288419,0
5.63,-2.11792860635022,2.99302207619181,0
5.64,-2.12090713743187,2.99266382230745,0
5.65,-2.1238845803501,2.99229663445538,0
5.66,-2.12686090830794,2.99192051594031,0
5.67,-2.12983609451846,2.99153547014728,0
5.68,-2.132810112205,2.99114150054172,0
5.69,-2.13578293460144,2.99073861066934,0
5.7,-2.13875453495238,2.99032680415616,0
5.71,-2.14172488651344,2.98990608470842,0
5.72,-2.14469396255148,2.9894764561126,0
5.73,-2.14766173634483,2.98903792223536,0
5.74,-2.15062818118355,2.98859048702349,0
5.75,-2.15359327036966,2.98813415450391,0
5.76,-2.15655697721737,2.98766892878361,0
5.77,-2.15951927505335,2.98719481404962,0
5.78,-2.16248013721692,2.98671181456896,0
5.79,-2.16543953706036,2.98621993468863,0
5.8,-2.16839744794908,2.98571917883555,0
5.81,-2.1713538432619,2.98520955151652,0
5.82,-2.17430869639129,2.98469105731817,0
5.83,-2.1772619807436,2.98416370090695,0
5.84,-2.18021366973927,2.98362748702906,0
5.85,-2.18316373681313,2.98308242051043,0
5.86,-2.18611215541459,2.98252850625666,0
5.87,-2.18905889900791,2.98196574925295,0
5.88,-2.19200394107242,2.98139415456414,0
5.89,-2.19494725510275,2.98081372733455,0
5.9,-2.19788881460911,2.98022447278805,0
5.91,-2.20082859311747,2.9796263962279,0
5.92,-2.20376656416984,2.9790195030368,0
5.93,-2.20670270132452,2.97840379867678,0
5.94,-2.20963697815627,2.97777928868917,0
5.95,-2.21256936825664,2.97714597869457,0
5.96,-2.21549984523413,2.97650387439276,0
5.97,-2.21842838271447,2.97585298156266,0
5.98,-2.22135495434083,2.97519330606232,0
5.99,-2.22427953377411,2.97452485382881,0
6,-2.22720209469309,2.9738476308782,0
6.01,-2.23012261079475,2.97316164330547,0
6.02,-2.23304105579447,2.97246689728453,0
6.03,-2.23595740342626,2.97176339906807,0
6.04,-2.23887162744301,2.97105115498759,0
6.05,-2.24178370161673,2.97033017145326,0
6.06,-2.24469359973876,2.96960045495394,0
6.07,-2.24760129562005,2.96886201205707,0
6.08,-2.25050676309135,2.96811484940863,0
6.09,-2.25340997600347,2.96735897373308,0
6.1,-2.25631090822752,2.9665943918333,0
6.11,-2.25920953365513,2.96582111059051,0
6.12,-2.26210582619868,2.96503913696425,0
6.13,-2.26499975979156,2.96424847799227,0
6.14,-2.2678913083884,2.9634491407905,0
6.15,-2.27078044596527,2.96264113255296,0
6.16,-2.27366714651995,2.96182446055173,0
6.17,-2.27655138407216,2.96099913213685,0
6.18,-2.27943313266378,2.96016515473626,0
6.19,-2.2823123663591,2.95932253585576,0
6.2,-2.28518905924502,2.95847128307891,0
6.21,-2.28806318543133,2.95761140406699,0
6.22,-2.29093471905092,2.95674290655889,0
6.23,-2.29380363426001,2.9558657983711,0
6.24,-2.29666990523836,2.95498008739757,0
6.25,-2.29953350618957,2.95408578160969,0
6.26,-2.30239441134125,2.95318288905623,0
6.27,-2.30525259494527,2.95227141786319,0
6.28,-2.30810803127799,2.95135137623383,0
6.29,-2.31096069464051,2.9504227724485,0
6.3,-2.31381055935888,2.94948561486463,0
6.31,-2.31665759978433,2.94853991191664,0
6.32,-2.31950179029353,2.94758567211584,0
6.33,-2.32234310528876,2.94662290405039,0
6.34,-2.32518151919823,2.9456516163852,0
6.35,-2.32801700647621,2.94467181786183,0
6.36,-2.33084954160336,2.94368351729849,0
6.37,-2.33367909908686,2.94268672358986,0
6.38,-2.33650565346072,2.94168144570708,0
6.39,-2.33932917928597,2.94066769269764,0
6.4,-2.3421496511509,2.93964547368532,0
6.41,-2.34496704367128,2.93861479787008,0
6.42,-2.34778133149059,2.937575674528,0
6.43,-2.35059248928027,2.93652811301117,0
6.44,-2.35340049173991,2.93547212274765,0
6.45,-2.35620531359751,2.93440771324134,0
6.46,-2.35900692960969,2.93333489407191,0
6.47,-2.36180531456193,2.93225367489474,0
6.48,-2.36460044326878,2.93116406544078,0
6.49,-2.3673922905741,2.93006607551653,0
6.5,-2.37018083135129,2.92895971500387,0
6.51,-2.37296604050349,2.92784499386005,0
6.52,-2.37574789296385,2.92672192211754,0
6.53,-2.3785263636957,2.92559050988399,0
6.54,-2.38130142769284,2.9244507673421,0
6.55,-2.3840730599797,2.92330270474955,0
6.56,-2.38684123561162,2.92214633243888,0
6.57,-2.38960592967502,2.92098166081745,0
6.58,-2.39236711728769,2.91980870036728,0
6.59,-2.39512477359895,2.91862746164502,0
6.6,-2.39787887378992,2.91743795528181,0
6.61,-2.4006293930737,2.91624019198319,0
6.62,-2.40337630669566,2.91503418252903,0
6.63,-2.40611958993357,2.9138199377734,0
6.64,-2.40885921809792,2.9125974686445,0
6.65,-2.41159516653207,2.91136678614455,0
6.66,-2.41432741061249,2.91012790134967,0
6.67,-2.41705592574902,2.90888082540982,0
6.68,-2.41978068738503,2.90762556954867,0
6.69,-2.42250167099768,2.90636214506353,0
6.7,-2.42521885209815,2.9050905633252,0
6.71,-2.42793220623182,2.90381083577791,0
6.72,-2.43064170897853,2.9025229739392,0
6.73,-2.43334733595276,2.90122698939981,0
6.74,-2.43604906280389,2.89992289382361,0
6.75,-2.43874686521639,2.89861069894743,0
6.76,-2.44144071891008,2.89729041658103,0
6.77,-2.44413059964027,2.89596205860693,0
6.78,-2.44681648319806,2.89462563698036,0
6.79,-2.44949834541053,2.89328116372909,0
6.8,-2.45217616214091,2.89192865095338,0
6.81,-2.45484990928889,2.89056811082583,0
6.82,-2.45751956279076,2.88919955559129,0
6.83,-2.46018509861965,2.88782299756676,0
6.84,-2.46284649278575,2.88643844914124,0
6.85,-2.46550372133655,2.88504592277566,0
6.86,-2.468156760357,2.88364543100275,0
6.87,-2.47080558596976,2.88223698642693,0
6.88,-2.47345017433543,2.88082060172418,0
6.89,-2.47609050165273,2.87939628964197,0
6.9,-2.47872654415872,2.87796406299908,0
6.91,-2.48135827812905,2.87652393468555,0
6.92,-2.48398567987812,2.87507591766253,0
6.93,-2.48660872575934,2.87362002496215,0
6.94,-2.48922739216532,2.87215626968745,0
6.95,-2.49184165552806,2.8706846650122,0
6.96,-2.49445149231923,2.86920522418085,0
6.97,-2.49705687905031,2.86771796050835,0
6.98,-2.49965779227282,2.86622288738006,0
6.99,-2.50225420857858,2.86472001825163,0
7,-2.50484610459986,2.86320936664887,0
7.01,-2.5074334570096,2.86169094616764,0
7.02,-2.51001624252165,2.86016477047372,0
7.03,-2.51259443789096,2.85863085330266,0
7.04,-2.51516801991379,2.85708920845972,0
7.05,-2.51773696542792,2.85553984981969,0
7.06,-2.52030125131285,2.85398279132678,0
7.07,-2.52286085449004,2.85241804699452,0
7.08,-2.52541575192306,2.85084563090559,0
7.09,-2.52796592061786,2.84926555721172,0
7.1,-2.53051133762294,2.84767784013357,0
7.11,-2.53305198002957,2.84608249396058,0
7.12,-2.53558782497197,2.84447953305086,0
7.13,-2.53811884962756,2.84286897183104,0
7.14,-2.54064503121714,2.84125082479616,0
7.15,-2.54316634700508,2.83962510650954,0
7.16,-2.54568277429957,2.83799183160262,0
7.17,-2.54819429045278,2.83635101477488,0
7.18,-2.55070087286107,2.83470267079365,0
7.19,-2.55320249896522,2.83304681449402,0
7.2,-2.55569914625061,2.83138346077868,0
7.21,-2.55819079224744,2.82971262461781,0
7.22,-2.56067741453091,2.82803432104891,0
7.23,-2.56315899072143,2.82634856517672,0
7.24,-2.56563549848484,2.82465537217301,0
7.25,-2.56810691553257,2.82295475727653,0
7.26,-2.57057321962191,2.82124673579278,0
7.27,-2.57303438855611,2.81953132309395,0
7.28,-2.57549040018469,2.81780853461875,0
7.29,-2.57794123240355,2.81607838587225,0
7.3,-2.58038686315522,2.8143408924258,0
7.31,-2.58282727042904,2.8125960699168,0
7.32,-2.58526243226136,2.81084393404866,0
7.33,-2.58769232673574,2.80908450059059,0
7.34,-2.59011693198315,2.80731778537748,0
7.35,-2.59253622618215,2.80554380430974,0
7.36,-2.59495018755912,2.80376257335321,0
7.37,-2.59735879438841,2.80197410853894,0
7.38,-2.59976202499259,2.80017842596311,0
7.39,-2.60215985774258,2.79837554178684,0
7.4,-2.60455227105793,2.79656547223609,0
7.41,-2.60693924340692,2.79474823360146,0
7.42,-2.60932075330681,2.7929238422381,0
7.43,-2.61169677932403,2.7910923145655,0
7.44,-2.61406730007437,2.78925366706742,0
7.45,-2.61643229422316,2.78740791629166,0
7.46,-2.61879174048545,2.78555507884997,0
7.47,-2.62114561762626,2.78369517141787,0
7.48,-2.62349390446071,2.78182821073452,0
7.49,-2.62583657985422,2.77995421360255,0
7.5,-2.62817362272274,2.77807319688792,0
7.51,-2.63050501203289,2.77618517751977,0
7.52,-2.63283072680219,2.77429017249027,0
7.53,-2.63515074609923,2.77238819885443,0
7.54,-2.63746504904383,2.77047927373003,0
7.55,-2.6397736148073,2.76856341429735,0
7.56,-2.64207642261255,2.76664063779914,0
7.57,-2.64437345173433,2.76471096154036,0
7.58,-2.64666468149939,2.76277440288809,0
7.59,-2.64895009128669,2.76083097927135,0
7.6,-2.65122966052755,2.75888070818092,0
7.61,-2.65350336870585,2.75692360716925,0
7.62,-2.65577119535825,2.75495969385021,0
7.63,-2.65803312007432,2.75298898589903,0
7.64,-2.66028912249675,2.75101150105206,0
7.65,-2.66253918232153,2.74902725710665,0
7.66,-2.66478327929815,2.74703627192098,0
7.67,-2.66702139322973,2.74503856341391,0
7.68,-2.66925350397329,2.7430341495648,0
7.69,-2.67147959143982,2.74102304841335,0
7.7,-2.67369963559456,2.73900527805947,0
7.71,-2.67591361645713,2.73698085666308,0
7.72,-2.67812151410171,2.73494980244395,0
7.73,-2.68032330865725,2.73291213368156,0
7.74,-2.6825189803076,2.73086786871491,0
7.75,-2.68470850929173,2.72881702594238,0
7.76,-2.6868918759039,2.72675962382154,0
7.77,-2.68906906049383,2.72469568086898,0
7.78,-2.69124004346686,2.72262521566019,0
7.79,-2.69340480528416,2.72054824682934,0
7.8,-2.6955633264629,2.71846479306913,0
7.81,-2.6977155875764,2.71637487313063,0
7.82,-2.69986156925432,2.71427850582311,0
7.83,-2.70200125218283,2.71217571001385,0
7.84,-2.70413461710482,2.71006650462802,0
7.85,-2.70626164482,2.70795090864843,0
7.86,-2.70838231618515,2.70582894111545,0
7.87,-2.71049661211424,2.70370062112676,0
7.88,-2.71260451357861,2.70156596783723,0
7.89,-2.71470600160717,2.69942500045873,0
7.9,-2.71680105728654,2.69727773825994,0
7.91,-2.71888966176124,2.69512420056621,0
7.92,-2.72097179623383,2.69296440675937,0
7.93,-2.72304744196511,2.69079837627755,0
7.94,-2.72511658027431,2.68862612861501,0
7.95,-2.72717919253917,2.68644768332195,0
7.96,-2.72923526019621,2.68426306000438,0
7.97,-2.73128476474083,2.68207227832389,0
7.98,-2.73332768772751,2.6798753579975,0
7.99,-2.73536401076994,2.67767231879747,0
8,-2.73739371554125,2.67546318055115,0
8.01,-2.73941678377409,2.67324796314076,0
8.02,-2.74143319726086,2.67102668650325,0
8.03,-2.74344293785387,2.6687993706301,0
8.04,-2.74544598746545,2.66656603556711,0
8.05,-2.74744232806818,2.66432670141431,0
8.06,-2.749431941695,2.66208138832568,0
8.07,-2.7514148104394,2.65983011650903,0
8.08,-2.75339091645558,2.65757290622578,0
8.09,-2.7553602419586,2.65530977779081,0
8.1,-2.75732276922454,2.65304075157227,0
8.11,-2.75927848059067,2.65076584799136,0
8.12,-2.7612273584556,2.64848508752222,0
8.13,-2.76316938527944,2.64619849069167,0
8.14,-2.76510454358397,2.64390607807907,0
8.15,-2.76703281595277,2.64160787031611,0
8.16,-2.7689541850314,2.63930388808664,0
8.17,-2.77086863352755,2.6369941521265,0
8.18,-2.77277614421121,2.63467868322329,0
8.19,-2.77467669991479,2.63235750221622,0
8.2,-2.77657028353329,2.63003062999589,0
8.21,-2.77845687802449,2.62769808750415,0
8.22,-2.78033646640904,2.62535989573385,0
8.23,-2.78220903177066,2.62301607572872,0
8.24,-2.78407455725627,2.62066664858311,0
8.25,-2.78593302607616,2.61831163544185,0
8.26,-2.78778442150412,2.61595105750005,0
8.27,-2.7896287268776,2.61358493600288,0
8.28,-2.79146592559787,2.61121329224544,0
8.29,-2.79329600113016,2.60883614757248,0
8.3,-2.79511893700378,2.60645352337831,0
8.31,-2.79693471681235,2.60406544110653,0
8.32,-2.79874332421384,2.60167192224985,0
8.33,-2.8005447429308,2.59927298834993,0
8.34,-2.80233895675048,2.59686866099716,0
8.35,-2.80412594952497,2.59445896183048,0
8.36,-2.80590570517134,2.59204391253715,0
8.37,-2.8076782076718,2.5896235348526,0
8.38,-2.80944344107384,2.58719785056021,0
8.39,-2.81120138949038,2.58476688149114,0
8.4,-2.81295203709989,2.58233064952408,0
8.41,-2.81469536814655,2.57988917658511,0
8.42,-2.8164313669404,2.57744248464746,0
8.43,-2.81816001785746,2.57499059573134,0
8.44,-2.81988130533988,2.57253353190375,0
8.45,-2.82159521389608,2.57007131527823,0
8.46,-2.82330172810091,2.56760396801473,0
8.47,-2.82500083259573,2.56513151231934,0
8.48,-2.82669251208864,2.56265397044416,0
8.49,-2.82837675135452,2.56017136468704,0
8.5,-2.83005353523522,2.55768371739142,0
8.51,-2.83172284863971,2.5551910509461,0
8.52,-2.83338467654418,2.55269338778508,0
8.53,-2.83503900399219,2.5501907503873,0
8.54,-2.83668581609479,2.54768316127647,0
8.55,-2.8383250980307,2.5451706430209,0
8.56,-2.83995683504638,2.54265321823321,0
8.57,-2.84158101245622,2.54013090957023,0
8.58,-2.84319761564263,2.5376037397327,0
8.59,-2.84480663005619,2.53507173146515,0
8.6,-2.84640804121578,2.53253490755562,0
8.61,-2.84800183470871,2.52999329083552,0
8.62,-2.84958799619085,2.52744690417938,0
8.63,-2.85116651138676,2.52489577050467,0
8.64,-2.85273736608982,2.52233991277156,0
8.65,-2.85430054616234,2.51977935398276,0
8.66,-2.8558560375357,2.51721411718328,0
8.67,-2.85740382621051,2.51464422546025,0
8.68,-2.85894389825667,2.51206970194265,0
8.69,-2.86047623981354,2.5094905698012,0
8.7,-2.86200083709006,2.50690685224805,0
8.71,-2.86351767636487,2.50431857253666,0
8.72,-2.86502674398642,2.50172575396152,0
8.73,-2.86652802637311,2.49912841985798,0
8.74,-2.86802151001341,2.49652659360203,0
8.75,-2.86950718146598,2.49392029861009,0
8.76,-2.87098502735979,2.4913095583388,0
8.77,-2.87245503439423,2.48869439628479,0
8.78,-2.87391718933925,2.48607483598452,0
8.79,-2.87537147903547,2.48345090101401,0
8.8,-2.87681789039428,2.48082261498865,0
8.81,-2.878256410398,2.478190001563,0
8.82,-2.87968702609995,2.47555308443056,0
8.83,-2.88110972462461,2.47291188732358,0
8.84,-2.88252449316769,2.4702664340128,0
8.85,-2.88393131899629,2.46761674830729,0
8.86,-2.88533018944898,2.4649628540542,0
8.87,-2.88672109193595,2.46230477513856,0
8.88,-2.88810401393907,2.45964253548307,0
8.89,-2.88947894301207,2.45697615904786,0
8.9,-2.89084586678058,2.45430566983031,0
8.91,-2.8922047729423,2.45163109186479,0
8.92,-2.89355564926709,2.44895244922249,0
8.93,-2.89489848359706,2.44626976601118,0
8.94,-2.89623326384673,2.44358306637499,0
8.95,-2.89755997800307,2.4408923744942,0
8.96,-2.89887861412566,2.43819771458501,0
8.97,-2.9001891603468,2.43549911089935,0
8.98,-2.90149160487157,2.43279658772463,0
8.99,-2.90278593597798,2.43009016938354,0
9,-2.90407214201706,2.42737988023383,0
9.01,-2.90535021141297,2.42466574466808,0
9.02,-2.90662013266308,2.4219477871135,0
9.03,-2.90788189433812,2.41922603203168,0
9.04,-2.90913548508224,2.4165005039184,0
9.05,-2.91038089361313,2.4137712273034,0
9.06,-2.91161810872212,2.41103822675015,0
9.07,-2.91284711927428,2.40830152685563,0
9.08,-2.91406791420854,2.40556115225013,0
9.09,-2.91528048253774,2.40281712759699,0
9.1,-2.91648481334877,2.40006947759242,0
9.11,-2.91768089580267,2.39731822696525,0
9.12,-2.9188687191347,2.39456340047673,0
9.13,-2.92004827265446,2.39180502292026,0
9.14,-2.92121954574598,2.38904311912123,0
9.15,-2.9223825278678,2.38627771393676,0
9.16,-2.9235372085531,2.38350883225546,0
9.17,-2.92468357740975,2.38073649899727,0
9.18,-2.92582162412046,2.37796073911315,0
9.19,-2.92695133844279,2.37518157758494,0
9.2,-2.92807271020933,2.37239903942506,0
9.21,-2.92918572932775,2.36961314967633,0
9.22,-2.93029038578087,2.36682393341176,0
9.23,-2.93138666962681,2.36403141573426,0
9.24,-2.932474570999,2.36123562177647,0
9.25,-2.93355408010635,2.35843657670053,0
9.26,-2.93462518723327,2.35563430569782,0
9.27,-2.93568788273982,2.35282883398875,0
9.28,-2.93674215706175,2.35002018682257,0
9.29,-2.93778800071058,2.34720838947706,0
9.3,-2.93882540427374,2.34439346725839,0
9.31,-2.93985435841459,2.34157544550084,0
9.32,-2.94087485387256,2.33875434956659,0
9.33,-2.9418868814632,2.33593020484548,0
9.34,-2.94289043207827,2.33310303675479,0
9.35,-2.94388549668581,2.33027287073902,0
9.36,-2.94487206633025,2.32743973226964,0
9.37,-2.94585013213247,2.32460364684488,0
9.38,-2.94681968528988,2.32176463998949,0
9.39,-2.94778071707652,2.31892273725451,0
9.4,-2.94873321884311,2.31607796421705,0
9.41,-2.94967718201713,2.31323034648005,0
9.42,-2.95061259810292,2.31037990967204,0
9.43,-2.95153945868174,2.30752667944694,0
9.44,-2.95245775541186,2.3046706814838,0
9.45,-2.95336748002861,2.30181194148659,0
9.46,-2.95426862434447,2.29895048518393,0
9.47,-2.95516118024916,2.29608633832893,0
9.48,-2.95604513970967,2.29321952669889,0
9.49,-2.95692049477038,2.29035007609508,0
9.5,-2.95778723755309,2.28747801234254,0
9.51,-2.95864536025713,2.28460336128984,0
9.52,-2.9594948551594,2.28172614880881,0
9.53,-2.96033571461445,2.27884640079433,0
9.54,-2.96116793105455,2.27596414316414,0
9.55,-2.96199149698976,2.27307940185851,0
9.56,-2.96280640500799,2.27019220284012,0
9.57,-2.96361264777507,2.26730257209372,0
9.58,-2.96441021803483,2.26441053562598,0
9.59,-2.96519910860913,2.2615161194652,0
9.6,-2.96597931239797,2.25861934966111,0
9.61,-2.96675082237953,2.25572025228462,0
9.62,-2.9675136316102,2.25281885342759,0
9.63,-2.96826773322472,2.24991517920258,0
9.64,-2.96901312043618,2.24700925574264,0
9.65,-2.9697497865361,2.24410110920108,0
9.66,-2.97047772489448,2.24119076575117,0
9.67,-2.97119692895989,2.238278251586,0
9.68,-2.97190739225949,2.23536359291818,0
9.69,-2.97260910839913,2.23244681597961,0
9.7,-2.97330207106335,2.22952794702126,0
9.71,-2.9739862740155,2.22660701231294,0
9.72,-2.97466171109776,2.22368403814304,0
9.73,-2.97532837623121,2.22075905081831,0
9.74,-2.97598626341584,2.21783207666361,0
9.75,-2.9766353667307,2.21490314202169,0
9.76,-2.97727568033385,2.21197227325294,0
9.77,-2.97790719846247,2.20903949673516,0
9.78,-2.9785299154329,2.20610483886332,0
9.79,-2.9791438256407,2.20316832604933,0
9.8,-2.97974892356068,2.20022998472177,0
9.81,-2.98034520374697,2.1972898413257,0
9.82,-2.98093266083303,2.19434792232239,0
9.83,-2.98151128953177,2.19140425418909,0
9.84,-2.98208108463553,2.1884588634188,0
9.85,-2.98264204101615,2.18551177652001,0
9.86,-2.98319415362504,2.18256302001648,0
9.87,-2.98373741749319,2.179612620447,0
9.88,-2.98427182773121,2.17666060436515,0
9.89,-2.98479737952943,2.17370699833905,0
9.9,-2.98531406815788,2.17075182895115,0
9.91,-2.98582188896637,2.16779512279793,0
9.92,-2.98632083738452,2.16483690648974,0
9.93,-2.98681090892178,2.16187720665051,0
9.94,-2.98729209916752,2.1589160499175,0
9.95,-2.98776440379104,2.15595346294113,0
9.96,-2.98822781854159,2.15298947238463,0
9.97,-2.98868233924844,2.15002410492392,0
9.98,-2.98912796182092,2.14705738724728,0
9.99,-2.98956468224841,2.14408934605514,0
10,-2.98999249660045,2.14112000805987,0
10.01,-2.99041140102669,2.13814939998547,0
10.02,-2.99082139175701,2.13517754856741,0
10.03,-2.9912224651015,2.13220448055232,0
10.04,-2.99161461745049,2.1292302226978,0
10.05,-2.99199784527461,2.12625480177214,0
10.06,-2.99237214512483,2.12327824455412,0
10.07,-2.99273751363244,2.12030057783274,0
10.08,-2.99309394750912,2.11732182840696,0
10.09,-2.99344144354698,2.11434202308552,0
10.1,-2.99377999861856,2.11136118868665,0
10.11,-2.99410960967685,2.10837935203783,0
10.12,-2.99443027375537,2.10539653997557,0
10.13,-2.99474198796814,2.10241277934517,0
10.14,-2.99504474950973,2.09942809700044,0
10.15,-2.99533855565529,2.09644251980351,0
10.16,-2.99562340376056,2.09345607462455,0
10.17,-2.99589929126193,2.09046878834155,0
10.18,-2.99616621567639,2.08748068784007,0
10.19,-2.99642417460164,2.08449180001298,0
10.2,-2.99667316571605,2.08150215176027,0
10.21,-2.99691318677869,2.07851176998874,0
10.22,-2.99714423562937,2.07552068161181,0
10.23,-2.99736631018867,2.07252891354926,0
10.24,-2.99757940845791,2.06953649272697,0
10.25,-2.9977835285192,2.06654344607672,0
10.26,-2.99797866853548,2.06354980053591,0
10.27,-2.99816482675047,2.06055558304731,0
10.28,-2.99834200148876,2.05756082055888,0
10.29,-2.99851019115578,2.05456554002345,0
10.3,-2.99866939423781,2.05156976839853,0
10.31,-2.99881960930204,2.04857353264605,0
10.32,-2.99896083499653,2.04557685973209,0
10.33,-2.99909307005024,2.04257977662671,0
10.34,-2.99921631327307,2.03958231030363,0
10.35,-2.99933056355582,2.03658448774002,0
10.36,-2.99943581987025,2.03358633591626,0
10.37,-2.99953208126904,2.03058788181571,0
10.38,-2.99961934688585,2.02758915242443,0
10.39,-2.99969761593529,2.02459017473097,0
10.4,-2.99976688771293,2.0215909757261,0
10.41,-2.99982716159533,2.01859158240259,0
10.42,-2.99987843704002,2.01559202175496,0
10.43,-2.99992071358553,2.01259232077925,0
10.44,-2.99995399085136,2.00959250647273,0
10.45,-2.99997826853803,2.00659260583372,0
10.46,-2.99999354642703,2.00359264586131,0
10.47,-2.99999982438087,2.0005926535551,0
10.48,-2.99999710234303,1.99759265591502,0
10.49,-2.99998538033802,1.99459267994101,0
10.5,-2.99996465847134,1.99159275263285,0
10.51,-2.99993493692948,1.98859290098986,0
10.52,-2.99989621597994,1.98559315201068,0
10.53,-2.99984849597121,1.98259353269304,0
10.54,-2.99979177733276,1.97959407003349,0
10.55,-2.99972606057506,1.97659479102717,0
10.56,-2.99965134628957,1.97359572266757,0
10.57,-2.99956763514871,1.97059689194629,0
10.58,-2.99947492790588,1.96759832585278,0
10.59,-2.99937322539544,1.96460005137412,0
10.6,-2.99926252853272,1.96160209549476,0
10.61,-2.99914283831399,1.95860448519629,0
10.62,-2.99901415581646,1.95560724745716,0
10.63,-2.99887648219827,1.95261040925251,0
10.64,-2.99872981869848,1.94961399755386,0
10.65,-2.99857416663706,1.94661803932888,0
10.66,-2.99840952741489,1.9436225615412,0
10.67,-2.99823590251371,1.94062759115008,0
10.68,-2.99805329349614,1.93763315511023,0
10.69,-2.99786170200567,1.93463928037158,0
10.7,-2.99766112976662,1.93164599387895,0
10.71,-2.99745157858413,1.92865332257192,0
10.72,-2.99723305034417,1.92566129338451,0
10.73,-2.99700554701349,1.92266993324495,0
10.74,-2.99676907063961,1.91967926907547,0
10.75,-2.99652362335082,1.91668932779203,0
10.76,-2.99626920735616,1.91370013630408,0
10.77,-2.99600582494535,1.91071172151431,0
10.78,-2.99573347848884,1.90772411031845,0
10.79,-2.99545217043774,1.90473732960498,0
10.8,-2.99516190332383,1.90175140625489,0
10.81,-2.99486267975951,1.89876636714149,0
10.82,-2.99455450243778,1.89578223913009,0
10.83,-2.99423737413225,1.89279904907785,0
10.84,-2.99391129769706,1.88981682383343,0
10.85,-2.9935762760669,1.88683559023686,0
10.86,-2.99323231225696,1.88385537511921,0
10.87,-2.99287940936291,1.88087620530241,0
10.88,-2.99251757056089,1.87789810759895,0
10.89,-2.99214679910742,1.8749211088117,0
10.9,-2.99176709833946,1.87194523573362,0
10.91,-2.99137847167432,1.86897051514756,0
10.92,-2.99098092260961,1.86599697382598,0
10.93,-2.9905744547233,1.86302463853073,0
10.94,-2.99015907167358,1.8600535360128,0
10.95,-2.98973477719889,1.85708369301211,0
10.96,-2.9893015751179,1.85411513625722,0
10.97,-2.9888594693294,1.85114789246511,0
10.98,-2.98840846381235,1.84818198834097,0
10.99,-2.98794856262581,1.84521745057791,0
11,-2.98747976990887,1.84225430585675,0
11.01,-2.98700208988066,1.83929258084577,0
11.02,-2.98651552684031,1.83633230220048,0
11.03,-2.98602008516687,1.83337349656337,0
11.04,-2.98551576931932,1.83041619056366,0
11.05,-2.98500258383651,1.82746041081709,0
11.06,-2.98448053333708,1.82450618392566,0
11.07,-2.9839496225195,1.82155353647739,0
11.08,-2.98340985616196,1.81860249504608,0
11.09,-2.98286123912236,1.8156530861911,0
11.1,-2.98230377633823,1.8127053364571,0
11.11,-2.98173747282675,1.8097592723738,0
11.12,-2.98116233368464,1.80681492045577,0
11.13,-2.98057836408815,1.80387230720215,0
11.14,-2.979985569293,1.80093145909644,0
11.15,-2.97938395463434,1.79799240260626,0
11.16,-2.97877352552671,1.79505516418309,0
11.17,-2.97815428746395,1.79211977026206,0
11.18,-2.9775262460192,1.78918624726169,0
11.19,-2.97688940684484,1.78625462158367,0
11.2,-2.97624377567241,1.78332491961262,0
11.21,-2.97558935831259,1.78039716771583,0
11.22,-2.97492616065513,1.77747139224304,0
11.23,-2.9742541886688,1.77454761952623,0
11.24,-2.97357344840136,1.77162587587932,0
11.25,-2.97288394597945,1.76870618759798,0
11.26,-2.97218568760859,1.76578858095939,0
11.27,-2.9714786795731,1.76287308222199,0
11.28,-2.97076292823606,1.75995971762526,0
11.29,-2.97003844003922,1.75704851338944,0
11.3,-2.96930522150296,1.75413949571536,0
11.31,-2.96856327922625,1.75123269078417,0
11.32,-2.96781261988657,1.74832812475707,0
11.33,-2.96705325023984,1.74542582377515,0
11.34,-2.96628517712039,1.74252581395911,0
11.35,-2.96550840744086,1.739628121409,0
11.36,-2.96472294819219,1.73673277220403,0
11.37,-2.96392880644349,1.73383979240235,0
11.38,-2.96312598934204,1.73094920804073,0
11.39,-2.96231450411319,1.72806104513442,0
11.4,-2.9614943580603,1.72517532967688,0
11.41,-2.96066555856467,1.72229208763951,0
11.42,-2.95982811308551,1.71941134497147,0
11.43,-2.9589820291598,1.71653312759944,0
11.44,-2.9581273144023,1.71365746142735,0
11.45,-2.95726397650545,1.71078437233617,0
11.46,-2.95639202323926,1.70791388618369,0
11.47,-2.95551146245132,1.70504602880426,0
11.48,-2.95462230206667,1.70218082600858,0
11.49,-2.95372455008774,1.69931830358346,0
11.5,-2.9528182145943,1.69645848729157,0
11.51,-2.95190330374337,1.69360140287125,0
11.52,-2.95097982576912,1.69074707603624,0
11.53,-2.95004778898286,1.68789553247545,0
11.54,-2.94910720177291,1.68504679785277,0
11.55,-2.94815807260455,1.68220089780677,0
11.56,-2.94720041001994,1.67935785795056,0
11.57,-2.94623422263803,1.67651770387145,0
11.58,-2.94525951915451,1.67368046113083,0
11.59,-2.94427630834169,1.67084615526386,0
11.6,-2.94328459904848,1.66801481177927,0
11.61,-2.94228440020023,1.66518645615913,0
11.62,-2.94127572079875,1.66236111385862,0
11.63,-2.94025856992213,1.65953881030581,0
11.64,-2.93923295672474,1.65671957090141,0
11.65,-2.93819889043707,1.65390342101856,0
11.66,-2.93715638036571,1.65109038600257,0
11.67,-2.93610543589327,1.64828049117076,0
11.68,-2.93504606647821,1.64547376181216,0
11.69,-2.93397828165487,1.64267022318731,0
11.7,-2.9329020910333,1.63986990052803,0
11.71,-2.93181750429921,1.63707281903722,0
11.72,-2.93072453121387,1.63427900388859,0
11.73,-2.92962318161403,1.63148848022646,0
11.74,-2.92851346541183,1.62870127316551,0
11.75,-2.92739539259471,1.6259174077906,0
11.76,-2.92626897322532,1.6231369091565,0
11.77,-2.92513421744142,1.62035980228767,0
11.78,-2.9239911354558,1.61758611217805,0
11.79,-2.92283973755621,1.61481586379085,0
11.8,-2.9216800341052,1.61204908205827,0
11.81,-2.92051203554011,1.60928579188133,0
11.82,-2.91933575237292,1.60652601812963,0
11.83,-2.91815119519016,1.60376978564111,0
11.84,-2.91695837465283,1.60101711922185,0
11.85,-2.91575730149633,1.59826804364582,0
11.86,-2.9145479865303,1.59552258365468,0
11.87,-2.91333044063855,1.59278076395757,0
11.88,-2.91210467477901,1.59004260923082,0
11.89,-2.91087069998355,1.58730814411783,0
11.9,-2.90962852735794,1.58457739322875,0
11.91,-2.90837816808173,1.58185038114033,0
11.92,-2.90711963340813,1.57912713239566,0
11.93,-2.90585293466396,1.57640767150396,0
11.94,-2.90457808324948,1.57369202294035,0
11.95,-2.90329509063837,1.57098021114566,0
11.96,-2.90200396837753,1.56827226052617,0
11.97,-2.90070472808707,1.56556819545343,0
11.98,-2.89939738146014,1.56286804026399,0
11.99,-2.89808194026284,1.56017181925924,0
12,-2.89675841633415,1.55747955670515,0
12.01,-2.89542682158576,1.55479127683206,0
12.02,-2.89408716800202,1.55210700383447,0
12.03,-2.8927394676398,1.54942676187083,0
12.04,-2.8913837326284,1.54675057506328,0
12.05,-2.89001997516942,1.54407846749751,0
12.06,-2.88864820753668,1.54141046322244,0
12.07,-2.88726844207606,1.53874658625012,0
12.08,-2.88588069120545,1.5360868605554,0
12.09,-2.88448496741461,1.53343131007581,0
12.1,-2.88308128326503,1.53077995871127,0
12.11,-2.88166965138985,1.52813283032394,0
12.12,-2.88025008449377,1.52548994873796,0
12.13,-2.87882259535287,1.52285133773923,0
12.14,-2.87738719681454,1.52021702107524,0
12.15,-2.87594390179737,1.51758702245482,0
12.16,-2.87449272329099,1.51496136554795,0
12.17,-2.873033674356,1.51234007398551,0
12.18,-2.87156676812384,1.50972317135911,0
12.19,-2.87009201779664,1.50711068122086,0
12.2,-2.86860943664716,1.50450262708316,0
12.21,-2.86711903801862,1.50189903241846,0
12.22,-2.86562083532458,1.49929992065911,0
12.23,-2.86411484204887,1.4967053151971,0
12.24,-2.86260107174542,1.49411523938385,0
12.25,-2.86107953803814,1.49152971653003,0
12.26,-2.85955025462083,1.48894876990533,0
12.27,-2.85801323525703,1.48637242273825,0
12.28,-2.8564684937799,1.48380069821591,0
12.29,-2.85491604409211,1.48123361948379,0
12.3,-2.8533559001657,1.47867120964559,0
12.31,-2.85178807604194,1.47611349176299,0
12.32,-2.85021258583125,1.47356048885543,0
12.33,-2.84862944371303,1.47101222389992,0
12.34,-2.84703866393554,1.46846871983081,0
12.35,-2.84544026081579,1.46592999953965,0
12.36,-2.84383424873941,1.46339608587488,0
12.37,-2.84222064216048,1.46086700164172,0
12.38,-2.84059945560145,1.4583427696019,0
12.39,-2.838970703653,1.4558234124735,0
12.4,-2.83733440097388,1.45330895293071,0
12.41,-2.8356905622908,1.45079941360366,0
12.42,-2.8340392023983,1.44829481707818,0
12.43,-2.83238033615862,1.44579518589562,0
12.44,-2.83071397850152,1.44330054255265,0
12.45,-2.82904014442422,1.44081090950103,0
12.46,-2.82735884899123,1.43832630914746,0
12.47,-2.82567010733417,1.43584676385331,0
12.48,-2.82397393465172,1.43337229593448,0
12.49,-2.82227034620942,1.43090292766116,0
12.5,-2.82055935733956,1.42843868125766,0
12.51,-2.81884098344102,1.42597957890216,0
12.52,-2.81711523997916,1.42352564272658,0
12.53,-2.81538214248565,1.42107689481632,0
12.54,-2.81364170655836,1.4186333572101,0
12.55,-2.8118939478612,1.41619505189974,0
12.56,-2.810138882124,1.41376200082997,0
12.57,-2.80837652514232,1.41133422589824,0
12.58,-2.80660689277738,1.4089117489545,0
12.59,-2.80483000095584,1.40649459180104,0
12.6,-2.80304586566973,1.40408277619224,0
12.61,-2.80125450297625,1.40167632383443,0
12.62,-2.79945592899765,1.39927525638567,0
12.63,-2.79765015992108,1.39687959545554,0
12.64,-2.79583721199846,1.39448936260499,0
12.65,-2.79401710154631,1.39210457934608,0
12.66,-2.79218984494559,1.38972526714186,0
12.67,-2.79035545864163,1.38735144740611,0
12.68,-2.78851395914387,1.38498314150321,0
12.69,-2.7866653630258,1.38262037074787,0
12.7,-2.78480968692477,1.38026315640504,0
12.71,-2.78294694754185,1.37791151968961,0
12.72,-2.7810771616417,1.3755654817663,0
12.73,-2.77920034605236,1.37322506374945,0
12.74,-2.77731651766517,1.37089028670279,0
12.75,-2.77542569343456,1.3685611716393,0
12.76,-2.77352789037795,1.36623773952101,0
12.77,-2.77162312557555,1.36392001125878,0
12.78,-2.76971141617022,1.36160800771216,0
12.79,-2.76779277936734,1.35930174968916,0
12.8,-2.76586723243464,1.35700125794609,0
12.81,-2.76393479270201,1.35470655318736,0
12.82,-2.7619954775614,1.35241765606529,0
12.83,-2.76004930446664,1.35013458717994,0
12.84,-2.75809629093327,1.34785736707893,0
12.85,-2.75613645453839,1.34558601625721,0
12.86,-2.75416981292053,1.34332055515692,0
12.87,-2.75219638377945,1.34106100416721,0
12.88,-2.75021618487598,1.33880738362401,0
12.89,-2.74822923403192,1.3365597138099,0
12.9,-2.7462355491298,1.33431801495388,0
12.91,-2.74423514811278,1.33208230723124,0
12.92,-2.74222804898445,1.32985261076332,0
12.93,-2.74021426980868,1.32762894561738,0
12.94,-2.73819382870949,1.32541133180639,0
12.95,-2.73616674387082,1.32319978928886,0
12.96,-2.73413303353642,1.32099433796866,0
12.97,-2.73209271600968,1.31879499769484,0
12.98,-2.73004580965343,1.31660178826144,0
12.99,-2.72799233288983,1.31441472940733,0
13,-2.72593230420014,1.31223384081603,0
13.01,-2.72386574212462,1.31005914211551,0
13.02,-2.7217926652623,1.30789065287807,0
13.03,-2.71971309227087,1.30572839262007,0
13.04,-2.71762704186646,1.30357238080186,0
13.05,-2.71553453282352,1.30142263682751,0
13.06,-2.71343558397462,1.29927918004472,0
13.07,-2.71133021421028,1.29714202974458,0
13.08,-2.7092184424788,1.29501120516143,0
13.09,-2.70710028778614,1.29288672547267,0
13.1,-2.70497576919566,1.29076860979861,0
13.11,-2.70284490582801,1.28865687720228,0
13.12,-2.70070771686096,1.28655154668925,0
13.13,-2.69856422152918,1.28445263720748,0
13.14,-2.69641443912412,1.28236016764715,0
13.15,-2.69425838899382,1.28027415684046,0
13.16,-2.6920960905427,1.27819462356151,0
13.17,-2.68992756323143,1.27612158652607,0
13.18,-2.68775282657676,1.27405506439146,0
13.19,-2.68557190015128,1.27199507575638,0
13.2,-2.68338480358334,1.2699416391607,0
13.21,-2.68119155655677,1.26789477308534,0
13.22,-2.67899217881079,1.26585449595208,0
13.23,-2.67678669013979,1.2638208261234,0
13.24,-2.67457511039314,1.26179378190232,0
13.25,-2.67235745947506,1.25977338153222,0
13.26,-2.67013375734437,1.25775964319668,0
13.27,-2.6679040240144,1.25575258501935,0
13.28,-2.66566827955271,1.25375222506373,0
13.29,-2.66342654408101,1.25175858133305,0
13.3,-2.66117883777488,1.24977167177008,0
13.31,-2.65892518086368,1.247791514257,0
13.32,-2.6566655936303,1.24581812661522,0
13.33,-2.654400096411,1.24385152660521,0
13.34,-2.65212870959526,1.24189173192636,0
13.35,-2.64985145362553,1.2399387602168,0
13.36,-2.64756834899711,1.23799262905326,0
13.37,-2.64527941625792,1.23605335595092,0
13.38,-2.64298467600833,1.23412095836323,0
13.39,-2.640684148901,1.23219545368173,0
13.4,-2.63837785564066,1.23027685923598,0
13.41,-2.63606581698392,1.22836519229329,0
13.42,-2.63374805373913,1.22646047005866,0
13.43,-2.63142458676613,1.22456270967458,0
13.44,-2.62909543697611,1.22267192822088,0
13.45,-2.6267606253314,1.22078814271458,0
13.46,-2.6244201728453,1.21891137010974,0
13.47,-2.62207410058186,1.21704162729729,0
13.48,-2.61972242965571,1.21517893110491,0
13.49,-2.61736518123187,1.21332329829686,0
13.5,-2.61500237652557,1.2114747455738,0
13.51,-2.61263403680204,1.20963328957272,0
13.52,-2.61026018337631,1.2077989468667,0
13.53,-2.60788083761305,1.2059717339648,0
13.54,-2.60549602092635,1.20415166731194,0
13.55,-2.60310575477955,1.20233876328871,0
13.56,-2.60071006068503,1.20053303821122,0
13.57,-2.59830896020402,1.19873450833098,0
13.58,-2.5959024749464,1.19694318983477,0
13.59,-2.59349062657053,1.19515909884443,0
13.6,-2.59107343678303,1.19338225141676,0
13.61,-2.58865092733859,1.19161266354339,0
13.62,-2.58622312003977,1.18985035115058,0
13.63,-2.58379003673684,1.18809533009915,0
13.64,-2.58135169932751,1.18634761618427,0
13.65,-2.57890812975681,1.18460722513535,0
13.66,-2.57645935001685,1.1828741726159,0
13.67,-2.57400538214663,1.18114847422338,0
13.68,-2.57154624823185,1.17943014548907,0
13.69,-2.56908197040469,1.1777192018779,0
13.7,-2.56661257084364,1.17601565878837,0
13.71,-2.56413807177328,1.17431953155235,0
13.72,-2.56165849546408,1.17263083543497,0
13.73,-2.55917386423221,1.17094958563449,0
13.74,-2.55668420043934,1.16927579728214,0
13.75,-2.55418952649242,1.16760948544201,0
13.76,-2.5516898648435,1.16595066511089,0
13.77,-2.54918523798952,1.16429935121816,0
13.78,-2.54667566847211,1.16265555862562,0
13.79,-2.54416117887737,1.1610193021274,0
13.8,-2.5416417918357,1.15939059644981,0
13.81,-2.53911753002155,1.15776945625116,0
13.82,-2.53658841615328,1.15615589612173,0
13.83,-2.53405447299288,1.15454993058354,0
13.84,-2.53151572334583,1.15295157409026,0
13.85,-2.52897219006085,1.1513608410271,0
13.86,-2.52642389602974,1.14977774571064,0
13.87,-2.52387086418711,1.14820230238874,0
13.88,-2.52131311751025,1.14663452524036,0
13.89,-2.51875067901884,1.14507442837549,0
13.9,-2.51618357177482,1.143522025835,0
13.91,-2.51361181888215,1.14197733159049,0
13.92,-2.51103544348657,1.14044035954421,0
13.93,-2.50845446877545,1.13891112352889,0
13.94,-2.50586891797754,1.13738963730765,0
13.95,-2.50327881436278,1.13587591457384,0
13.96,-2.50068418124209,1.13436996895098,0
13.97,-2.49808504196715,1.13287181399255,0
13.98,-2.4954814199302,1.13138146318194,0
13.99,-2.49287333856381,1.1298989299323,0
14,-2.4902608213407,1.12842422758641,0
14.01,-2.48764389177351,1.1269573694166,0
14.02,-2.48502257341458,1.12549836862456,0
14.03,-2.48239688985576,1.12404723834131,0
14.04,-2.4797668647282,1.122603991627,0
14.05,-2.47713252170209,1.12116864147084,0
14.06,-2.4744938844865,1.11974120079098,0
14.07,-2.47185097682916,1.11832168243437,0
14.08,-2.46920382251621,1.11691009917666,0
14.09,-2.46655244537203,1.1155064637221,0
14.1,-2.46389686925898,1.1141107887034,0
14.11,-2.46123711807724,1.11272308668162,0
14.12,-2.45857321576456,1.11134337014607,0
14.13,-2.45590518629603,1.10997165151419,0
14.14,-2.4532330536839,1.10860794313143,0
14.15,-2.45055684197734,1.10725225727118,0
14.16,-2.44787657526225,1.10590460613458,0
14.17,-2.445192277661,1.10456500185049,0
14.18,-2.44250397333226,1.10323345647534,0
14.19,-2.43981168647075,1.10190998199303,0
14.2,-2.43711544130703,1.10059459031482,0
14.21,-2.43441526210728,1.09928729327923,0
14.22,-2.43171117317311,1.09798810265191,0
14.23,-2.4290031988413,1.09669703012559,0
14.24,-2.42629136348359,1.09541408731989,0
14.25,-2.42357569150649,1.09413928578131,0
14.26,-2.42085620735102,1.09287263698303,0
14.27,-2.41813293549253,1.0916141523249,0
14.28,-2.41540590044044,1.09036384313327,0
14.29,-2.41267512673805,1.08912172066091,0
14.3,-2.40994063896231,1.08788779608692,0
14.31,-2.40720246172358,1.0866620805166,0
14.32,-2.40446061966544,1.0854445849814,0
14.33,-2.40171513746446,1.08423532043876,0
14.34,-2.39896603982995,1.08303429777205,0
14.35,-2.39621335150378,1.08184152779047,0
14.36,-2.39345709726012,1.08065702122894,0
14.37,-2.39069730190524,1.07948078874802,0
14.38,-2.38793399027728,1.07831284093379,0
14.39,-2.38516718724602,1.07715318829776,0
14.4,-2.38239691771268,1.07600184127681,0
14.41,-2.37962320660966,1.07485881023306,0
14.42,-2.37684607890035,1.07372410545376,0
14.43,-2.37406555957886,1.07259773715127,0
14.44,-2.37128167366987,1.07147971546288,0
14.45,-2.36849444622832,1.07037005045078,0
14.46,-2.36570390233924,1.06926875210196,0
14.47,-2.36291006711751,1.06817583032808,0
14.48,-2.36011296570762,1.06709129496544,0
14.49,-2.35731262328348,1.06601515577485,0
14.5,-2.35450906504813,1.06494742244155,0
14.51,-2.35170231623359,1.06388810457514,0
14.52,-2.34889240210059,1.06283721170947,0
14.53,-2.34607934793831,1.06179475330257,0
14.54,-2.34326317906424,1.06076073873655,0
14.55,-2.34044392082388,1.05973517731755,0
14.56,-2.33762159859053,1.0587180782756,0
14.57,-2.33479623776507,1.0577094507646,0
14.58,-2.33196786377573,1.05670930386218,0
14.59,-2.32913650207785,1.05571764656965,0
14.6,-2.32630217815368,1.05473448781194,0
14.61,-2.32346491751211,1.05375983643745,0
14.62,-2.32062474568847,1.05279370121805,0
14.63,-2.31778168824427,1.05183609084894,0
14.64,-2.31493577076703,1.05088701394862,0
14.65,-2.31208701886998,1.04994647905876,0
14.66,-2.30923545819186,1.04901449464418,0
14.67,-2.30638111439671,1.04809106909272,0
14.68,-2.30352401317359,1.04717621071523,0
14.69,-2.30066418023641,1.0462699277454,0
14.7,-2.29780164132363,1.04537222833978,0
14.71,-2.29493642219809,1.04448312057767,0
14.72,-2.29206854864675,1.04360261246102,0
14.73,-2.28919804648043,1.04273071191441,0
14.74,-2.28632494153365,1.04186742678492,0
14.75,-2.28344925966433,1.04101276484213,0
14.76,-2.28057102675359,1.04016673377798,0
14.77,-2.2776902687055,1.03932934120674,0
14.78,-2.27480701144686,1.03850059466495,0
14.79,-2.27192128092698,1.03768050161132,0
14.8,-2.2690331031174,1.03686906942668,0
14.81,-2.26614250401171,1.03606630541392,0
14.82,-2.26324950962528,1.03527221679789,0
14.83,-2.26035414599504,1.03448681072541,0
14.84,-2.25745643917925,1.03371009426511,0
14.85,-2.25455641525724,1.03294207440744,0
14.86,-2.25165410032921,1.03218275806457,0
14.87,-2.24874952051598,1.03143215207035,0
14.88,-2.24584270195874,1.03069026318022,0
14.89,-2.24293367081884,1.02995709807118,0
14.9,-2.24002245327755,1.02923266334171,0
14.91,-2.2371090755358,1.02851696551172,0
14.92,-2.23419356381396,1.02781001102248,0
14.93,-2.23127594435164,1.02711180623658,0
14.94,-2.22835624340737,1.02642235743785,0
14.95,-2.22543448725846,1.02574167083134,0
14.96,-2.22251070220068,1.02506975254321,0
14.97,-2.21958491454809,1.02440660862073,0
14.98,-2.21665715063274,1.02375224503218,0
14.99,-2.2137274368045,1.02310666766684,0
15,-2.21079579943078,1.0224698823349,0
15.01,-2.20786226489628,1.02184189476742,0
15.02,-2.2049268596028,1.02122271061628,0
15.03,-2.20198960996897,1.02061233545415,0
15.04,-2.19905054243001,1.02001077477438,0
15.05,-2.19610968343752,1.01941803399102,0
15.06,-2.19316705945919,1.01883411843874,0
15.07,-2.19022269697864,1.01825903337277,0
15.08,-2.18727662249509,1.01769278396887,0
15.09,-2.18432886252321,1.01713537532329,0
15.1,-2.18137944359281,1.01658681245269,0
15.11,-2.17842839224864,1.01604710029414,0
15.12,-2.17547573505015,1.01551624370505,0
15.13,-2.17252149857122,1.01499424746312,0
15.14,-2.16956570939998,1.01448111626632,0
15.15,-2.16660839413849,1.01397685473281,0
15.16,-2.16364957940258,1.01348146740096,0
15.17,-2.16068929182156,1.01299495872924,0
15.18,-2.15772755803799,1.01251733309624,0
15.19,-2.15476440470747,1.01204859480056,0
15.2,-2.15179985849835,1.01158874806087,0
15.21,-2.14883394609154,1.01113779701577,0
15.22,-2.1458666941802,1.01069574572383,0
15.23,-2.14289812946961,1.01026259816349,0
15.24,-2.13992827867682,1.00983835823309,0
15.25,-2.13695716853046,1.00942302975078,0
15.26,-2.13398482577051,1.00901661645452,0
15.27,-2.13101127714804,1.00861912200202,0
15.28,-2.12803654942495,1.00823054997073,0
15.29,-2.12506066937378,1.0078509038578,0
15.3,-2.12208366377743,1.00748018708004,0
15.31,-2.11910555942893,1.00711840297389,0
15.32,-2.11612638313121,1.00676555479541,0
15.33,-2.11314616169681,1.00642164572024,0
15.34,-2.11016492194773,1.00608667884355,0
15.35,-2.10718269071509,1.00576065718004,0
15.36,-2.10419949483896,1.0054435836639,0
15.37,-2.10121536116808,1.0051354611488,0
15.38,-2.09823031655963,1.00483629240783,0
15.39,-2.09524438787899,1.00454608013351,0
15.4,-2.09225760199951,1.00426482693775,0
15.41,-2.08926998580223,1.00399253535183,0
15.42,-2.08628156617569,1.00372920782637,0
15.43,-2.08329237001562,1.00347484673131,0
15.44,-2.0803024242248,1.00322945435591,0
15.45,-2.07731175571269,1.00299303290869,0
15.46,-2.07432039139531,1.00276558451744,0
15.47,-2.0713283581949,1.0025471112292,0
15.48,-2.06833568303975,1.00233761501022,0
15.49,-2.06534239286392,1.00213709774598,0
15.5,-2.06234851460699,1.00194556124112,0
15.51,-2.05935407521385,1.00176300721947,0
15.52,-2.05635910163444,1.00158943732402,0
15.53,-2.05336362082349,1.0014248531169,0
15.54,-2.05036765974031,1.00126925607936,0
15.55,-2.04737124534854,1.00112264761177,0
15.56,-2.04437440461587,1.00098502903361,0
15.57,-2.04137716451387,1.00085640158344,0
15.58,-2.03837955201766,1.00073676641892,0
15.59,-2.03538159410575,1.00062612461675,0
15.6,-2.03238331775972,1.00052447717272,0
15.61,-2.02938474996406,1.00043182500164,0
15.62,-2.02638591770584,1.00034816893739,0
15.63,-2.02338684797455,1.00027350973288,0
15.64,-2.02038756776178,1.00020784806003,0
15.65,-2.01738810406103,1.0001511845098,0
15.66,-2.01438848386747,1.00010351959216,0
15.67,-2.01138873417765,1.00006485373609,0
15.68,-2.0083888819893,1.00003518728959,0
15.69,-2.00538895430107,1.00001452051965,0
15.7,-2.00238897811228,1.00000285361228,0
15.71,-1.99938898042271,1.00000018667248,0
15.72,-1.99638898823231,1.00000651972425,0
15.73,-1.99338902854099,1.00002185271059,0
15.74,-1.99038912834837,1.0000461854935,0
15.75,-1.98738931465353,1.000079517854,0
15.76,-1.98438961445478,1.00012184949208,0
15.77,-1.98139005474939,1.00017318002678,0
15.78,-1.97839066253338,1.0002335089961,0
15.79,-1.97539146480126,1.00030283585709,0
15.8,-1.97239248854579,1.00038115998581,0
15.81,-1.96939376075774,1.00046848067735,0
15.82,-1.96639530842563,1.00056479714581,0
15.83,-1.96339715853552,1.00067010852435,0
15.84,-1.96039933807074,1.00078441386517,0
15.85,-1.95740187401165,1.00090771213952,0
15.86,-1.95440479333541,1.00104000223772,0
15.87,-1.95140812301571,1.00118128296915,0
15.88,-1.94841189002259,1.0013315530623,0
15.89,-1.9454161213221,1.00149081116473,0
15.9,-1.94242084387615,1.00165905584311,0
15.91,-1.93942608464222,1.00183628558326,0
15.92,-1.93643187057312,1.00202249879009,0
15.93,-1.93343822861676,1.00221769378771,0
15.94,-1.93044518571589,1.00242186881934,0
15.95,-1.92745276880787,1.00263502204742,0
15.96,-1.92446100482445,1.00285715155357,0
15.97,-1.92146992069148,1.00308825533862,0
15.98,-1.91847954332868,1.00332833132265,0
15.99,-1.91548989964945,1.00357737734496,0
16,-1.91250101656055,1.00383539116416,0
16.01,-1.90951292096191,1.00410237045811,0
16.02,-1.90652563974638,1.004378312824,0
16.03,-1.90353919979945,1.00466321577836,0
16.04,-1.90055362799907,1.00495707675706,0
16.05,-1.89756895121537,1.00525989311535,0
16.06,-1.89458519631042,1.00557166212789,0
16.07,-1.89160239013799,1.00589238098876,0
16.08,-1.88862055954332,1.00622204681148,0
16.09,-1.88563973136286,1.00656065662908,0
16.1,-1.88265993242404,1.00690820739406,0
16.11,-1.87968118954505,1.00726469597848,0
16.12,-1.87670352953453,1.00763011917393,0
16.13,-1.87372697919141,1.0080044736916,0
16.14,-1.87075156530463,1.00838775616232,0
16.15,-1.86777731465289,1.00877996313654,0
16.16,-1.86480425400443,1.0091810910844,0
16.17,-1.86183241011677,1.00959113639575,0
16.18,-1.85886180973648,1.01001009538019,0
16.19,-1.85589247959895,1.01043796426709,0
16.2,-1.85292444642814,1.01087473920563,0
16.21,-1.84995773693631,1.01132041626484,0
16.22,-1.84699237782384,1.01177499143363,0
16.23,-1.84402839577893,1.01223846062083,0
16.24,-1.84106581747741,1.01271081965522,0
16.25,-1.83810466958246,1.01319206428556,0
16.26,-1.83514497874439,1.01368219018066,0
16.27,-1.8321867716004,1.0141811929294,0
16.28,-1.82923007477434,1.01468906804074,0
16.29,-1.82627491487644,1.01520581094382,0
16.3,-1.82332131850314,1.01573141698796,0
16.31,-1.82036931223678,1.0162658814427,0
16.32,-1.8174189226454,1.01680919949786,0
16.33,-1.81447017628248,1.0173613662636,0
16.34,-1.81152309968673,1.0179223767704,0
16.35,-1.8085777193818,1.01849222596918,0
16.36,-1.80563406187611,1.01907090873131,0
16.37,-1.80269215366255,1.01965841984863,0
16.38,-1.79975202121827,1.02025475403356,0
16.39,-1.79681369100445,1.02085990591909,0
16.4,-1.79387718946604,1.02147387005886,0
16.41,-1.79094254303154,1.02209664092719,0
16.42,-1.78800977811273,1.02272821291916,0
16.43,-1.78507892110449,1.02336858035061,0
16.44,-1.78214999838451,1.02401773745824,0
16.45,-1.77922303631308,1.02467567839965,0
16.46,-1.77629806123283,1.02534239725337,0
16.47,-1.77337509946851,1.02601788801894,0
16.48,-1.77045417732678,1.02670214461694,0
16.49,-1.76753532109589,1.02739516088906,0
16.5,-1.76461855704555,1.02809693059818,0
16.51,-1.7617039114266,1.02880744742836,0
16.52,-1.75879141047085,1.02952670498496,0
16.53,-1.75588108039077,1.03025469679466,0
16.54,-1.75297294737932,1.03099141630554,0
16.55,-1.75006703760968,1.03173685688714,0
16.56,-1.74716337723501,1.03249101183049,0
16.57,-1.74426199238824,1.0332538743482,0
16.58,-1.74136290918181,1.03402543757452,0
16.59,-1.73846615370745,1.03480569456538,0
16.6,-1.73557175203594,1.03559463829847,0
16.61,-1.73267973021689,1.03639226167331,0
16.62,-1.72979011427845,1.03719855751129,0
16.63,-1.72690293022716,1.03801351855575,0
16.64,-1.72401820404766,1.03883713747205,0
16.65,-1.72113596170246,1.03966940684763,0
16.66,-1.71825622913172,1.04051031919206,0
16.67,-1.71537903225301,1.04135986693715,0
16.68,-1.7125043969611,1.04221804243696,0
16.69,-1.70963234912767,1.04308483796792,0
16.7,-1.70676291460114,1.04396024572888,0
16.71,-1.7038961192064,1.04484425784118,0
16.72,-1.70103198874458,1.04573686634871,0
16.73,-1.69817054899285,1.046638063218,0
16.74,-1.69531182570414,1.04754784033829,0
16.75,-1.69245584460695,1.04846618952158,0
16.76,-1.68960263140507,1.04939310250275,0
16.77,-1.68675221177742,1.05032857093958,0
16.78,-1.68390461137775,1.05127258641286,0
16.79,-1.68105985583444,1.05222514042646,0
16.8,-1.67821797075028,1.05318622440739,0
16.81,-1.67537898170221,1.05415582970592,0
16.82,-1.67254291424111,1.05513394759559,0
16.83,-1.66970979389157,1.05612056927336,0
16.84,-1.66687964615166,1.05711568585963,0
16.85,-1.66405249649268,1.05811928839837,0
16.86,-1.66122837035897,1.05913136785715,0
16.87,-1.65840729316764,1.06015191512727,0
16.88,-1.65558929030836,1.06118092102381,0
16.89,-1.65277438714315,1.06221837628572,0
16.9,-1.64996260900611,1.06326427157592,0
16.91,-1.64715398120322,1.06431859748135,0
16.92,-1.64434852901213,1.06538134451309,0
16.93,-1.64154627768187,1.06645250310642,0
16.94,-1.63874725243269,1.06753206362092,0
16.95,-1.6359514784558,1.06862001634055,0
16.96,-1.63315898091315,1.06971635147375,0
16.97,-1.63036978493719,1.0708210591535,0
16.98,-1.62758391563068,1.07193412943745,0
16.99,-1.6248013980664,1.07305555230797,0
17,-1.62202225728702,1.07418531767227,0
17.01,-1.61924651830477,1.07532341536245,0
17.02,-1.61647420610128,1.07646983513566,0
17.03,-1.61370534562735,1.07762456667412,0
17.04,-1.6109399618027,1.07878759958525,0
17.05,-1.60817807951577,1.07995892340176,0
17.06,-1.60541972362348,1.08113852758175,0
17.07,-1.60266491895101,1.0823264015088,0
17.08,-1.59991369029159,1.08352253449203,0
17.09,-1.59716606240625,1.08472691576627,0
17.1,-1.59442206002364,1.08593953449209,0
17.11,-1.59168170783975,1.08716037975593,0
17.12,-1.58894503051773,1.08838944057019,0
17.13,-1.58621205268766,1.08962670587333,0
17.14,-1.58348279894632,1.09087216452998,0
17.15,-1.58075729385699,1.092125805331,0
17.16,-1.57803556194917,1.09338761699365,0
17.17,-1.57531762771846,1.09465758816163,0
17.18,-1.57260351562622,1.0959357074052,0
17.19,-1.56989325009946,1.0972219632213,0
17.2,-1.56718685553055,1.09851634403365,0
17.21,-1.56448435627701,1.0998188381928,0
17.22,-1.56178577666133,1.10112943397634,0
17.23,-1.5590911409707,1.10244811958891,0
17.24,-1.55640047345683,1.10377488316234,0
17.25,-1.5537137983357,1.10510971275578,0
17.26,-1.55103113978737,1.10645259635575,0
17.27,-1.54835252195576,1.10780352187633,0
17.28,-1.54567796894839,1.10916247715919,0
17.29,-1.54300750483625,1.11052944997375,0
17.3,-1.54034115365347,1.11190442801725,0
17.31,-1.53767893939721,1.1132873989149,0
17.32,-1.53502088602737,1.11467835021997,0
17.33,-1.53236701746642,1.11607726941392,0
17.34,-1.52971735759915,1.11748414390648,0
17.35,-1.52707193027249,1.11889896103579,0
17.36,-1.52443075929527,1.1203217080685,0
17.37,-1.52179386843801,1.12175237219989,0
17.38,-1.5191612814327,1.12319094055401,0
17.39,-1.51653302197261,1.12463740018375,0
17.4,-1.51390911371206,1.12609173807098,0
17.41,-1.51128958026621,1.12755394112666,0
17.42,-1.50867444521083,1.12902399619099,0
17.43,-1.50606373208213,1.13050189003347,0
17.44,-1.50345746437651,1.13198760935307,0
17.45,-1.50085566555036,1.13348114077833,0
17.46,-1.49825835901985,1.13498247086747,0
17.47,-1.49566556816072,1.13649158610854,0
17.48,-1.49307731630807,1.1380084729195,0
17.49,-1.49049362675615,1.13953311764839,0
17.5,-1.48791452275816,1.14106550657341,0
17.51,-1.485340027526,1.14260562590307,0
17.52,-1.48277016423012,1.14415346177631,0
17.53,-1.48020495599928,1.14570900026262,0
17.54,-1.47764442592031,1.14727222736217,0
17.55,-1.475088597038,1.1488431290059,0
17.56,-1.47253749235476,1.15042169105574,0
17.57,-1.46999113483053,1.15200789930462,0
17.58,-1.46744954738251,1.15360173947668,0
17.59,-1.46491275288497,1.15520319722737,0
17.6,-1.46238077416904,1.15681225814358,0
17.61,-1.45985363402252,1.15842890774378,0
17.62,-1.45733135518964,1.16005313147813,0
17.63,-1.45481396037091,1.16168491472863,0
17.64,-1.45230147222285,1.16332424280924,0
17.65,-1.44979391335784,1.16497110096601,0
17.66,-1.4472913063439,1.16662547437724,0
17.67,-1.44479367370447,1.16828734815357,0
17.68,-1.44230103791823,1.16995670733815,0
17.69,-1.43981342141889,1.17163353690677,0
17.7,-1.43733084659497,1.17331782176796,0
17.71,-1.43485333578963,1.17500954676318,0
17.72,-1.43238091130046,1.17670869666691,0
17.73,-1.42991359537925,1.17841525618681,0
17.74,-1.42745141023184,1.18012920996386,0
17.75,-1.42499437801787,1.18185054257248,0
17.76,-1.42254252085061,1.1835792385207,0
17.77,-1.42009586079677,1.18531528225026,0
17.78,-1.41765441987627,1.18705865813679,0
17.79,-1.41521822006206,1.1888093504899,0
17.8,-1.41278728327993,1.19056734355338,0
17.81,-1.41036163140827,1.19233262150531,0
17.82,-1.40794128627796,1.19410516845819,0
17.83,-1.40552626967207,1.19588496845911,0
17.84,-1.40311660332575,1.19767200548989,0
17.85,-1.40071230892596,1.19946626346721,0
17.86,-1.39831340811135,1.20126772624275,0
17.87,-1.39591992247201,1.20307637760337,0
17.88,-1.39353187354928,1.2048922012712,0
17.89,-1.3911492828356,1.20671518090386,0
17.9,-1.38877217177426,1.20854530009453,0
17.91,-1.38640056175926,1.21038254237217,0
17.92,-1.38403447413505,1.21222689120159,0
17.93,-1.38167393019642,1.21407832998367,0
17.94,-1.37931895118825,1.21593684205548,0
17.95,-1.37696955830532,1.21780241069041,0
17.96,-1.37462577269216,1.21967501909837,0
17.97,-1.37228761544283,1.22155465042589,0
17.98,-1.36995510760072,1.22344128775631,0
17.99,-1.36762827015839,1.22533491410989,0
18,-1.36530712405737,1.22723551244401,0
18.01,-1.36299169018794,1.22914306565331,0
18.02,-1.36068198938899,1.23105755656981,0
18.03,-1.35837804244783,1.23297896796312,0
18.04,-1.35607987009996,1.23490728254053,0
18.05,-1.35378749302891,1.23684248294724,0
18.06,-1.35150093186606,1.23878455176645,0
18.07,-1.34922020719044,1.24073347151955,0
18.08,-1.34694533952857,1.24268922466629,0
18.09,-1.34467634935423,1.24465179360489,0
18.1,-1.34241325708833,1.24662116067225,0
18.11,-1.34015608309867,1.24859730814408,0
18.12,-1.33790484769982,1.25058021823507,0
18.13,-1.33565957115286,1.25256987309903,0
18.14,-1.33342027366528,1.25456625482909,0
18.15,-1.33118697539074,1.25656934545783,0
18.16,-1.3289596964289,1.25857912695743,0
18.17,-1.32673845682526,1.26059558123989,0
18.18,-1.32452327657097,1.26261869015713,0
18.19,-1.32231417560264,1.26464843550118,0
18.2,-1.32011117380214,1.26668479900434,0
18.21,-1.3179142909965,1.26872776233937,0
18.22,-1.31572354695763,1.2707773071196,0
18.23,-1.31353896140221,1.27283341489914,0
18.24,-1.31136055399152,1.27489606717304,0
18.25,-1.30918834433119,1.27696524537744,0
18.26,-1.30702235197109,1.27904093088975,0
18.27,-1.30486259640515,1.28112310502881,0
18.28,-1.30270909707115,1.28321174905508,0
18.29,-1.30056187335057,1.28530684417077,0
18.3,-1.29842094456841,1.28740837152004,0
18.31,-1.29628632999302,1.28951631218915,0
18.32,-1.2941580488359,1.29163064720666,0
18.33,-1.29203612025158,1.29375135754356,0
18.34,-1.2899205633374,1.29587842411348,0
18.35,-1.28781139713335,1.29801182777283,0
18.36,-1.28570864062192,1.30015154932098,0
18.37,-1.28361231272791,1.30229756950047,0
18.38,-1.28152243231825,1.30444986899713,0
18.39,-1.27943901820184,1.30660842844027,0
18.4,-1.27736208912941,1.30877322840287,0
18.41,-1.2752916637933,1.31094424940175,0
18.42,-1.27322776082732,1.31312147189774,0
18.43,-1.27117039880659,1.31530487629584,0
18.44,-1.26911959624735,1.31749444294544,0
18.45,-1.26707537160681,1.31969015214044,0
18.46,-1.26503774328297,1.32189198411948,0
18.47,-1.26300672961449,1.32409991906608,0
18.48,-1.26098234888047,1.32631393710886,0
18.49,-1.25896461930032,1.32853401832165,0
18.5,-1.25695355903359,1.33076014272374,0
18.51,-1.25494918617982,1.33299229028003,0
18.52,-1.25295151877834,1.33523044090121,0
18.53,-1.25096057480815,1.33747457444393,0
18.54,-1.24897637218773,1.339724670711,0
18.55,-1.24699892877489,1.34198070945159,0
18.56,-1.24502826236661,1.34424267036135,0
18.57,-1.24306439069887,1.34651053308265,0
18.58,-1.24110733144651,1.34878427720474,0
18.59,-1.23915710222304,1.35106388226394,0
18.6,-1.23721372058051,1.35334932774382,0
18.61,-1.23527720400935,1.35564059307538,0
18.62,-1.2333475699382,1.35793765763726,0
18.63,-1.23142483573373,1.36024050075588,0
18.64,-1.22950901870056,1.36254910170568,0
18.65,-1.22760013608102,1.36486343970926,0
18.66,-1.22569820505505,1.3671834939376,0
18.67,-1.22380324274,1.36950924351022,0
18.68,-1.22191526619052,1.37184066749539,0
18.69,-1.2200342923984,1.37417774491032,0
18.7,-1.21816033829238,1.37652045472131,0
18.71,-1.21629342073804,1.37886877584401,0
18.72,-1.21443355653762,1.38122268714353,0
18.73,-1.2125807624299,1.38358216743469,0
18.74,-1.21073505508999,1.38594719548218,0
18.75,-1.20889645112926,1.38831775000077,0
18.76,-1.20706496709513,1.39069380965548,0
18.77,-1.20524061947095,1.39307535306179,0
18.78,-1.20342342467582,1.39546235878582,0
18.79,-1.2016133990645,1.39785480534454,0
18.8,-1.19981055892719,1.40025267120596,0
18.81,-1.19801492048946,1.40265593478928,0
18.82,-1.19622649991202,1.40506457446516,0
18.83,-1.19444531329067,1.40747856855585,0
18.84,-1.19267137665605,1.40989789533542,0
18.85,-1.19090470597359,1.41232253302996,0
18.86,-1.18914531714332,1.41475245981773,0
18.87,-1.18739322599973,1.41718765382941,0
18.88,-1.18564844831161,1.41962809314827,0
18.89,-1.18391099978196,1.42207375581038,0
18.9,-1.18218089604781,1.42452461980478,0
18.91,-1.18045815268007,1.42698066307372,0
18.92,-1.17874278518342,1.42944186351283,0
18.93,-1.17703480899616,1.43190819897131,0
18.94,-1.17533423949007,1.43437964725217,0
18.95,-1.17364109197026,1.43685618611238,0
18.96,-1.17195538167504,1.43933779326312,0
18.97,-1.17027712377579,1.44182444636994,0
18.98,-1.16860633337684,1.44431612305296,0
18.99,-1.16694302551526,1.44681280088713,0
19,-1.16528721516084,1.44931445740236,0
19.01,-1.16363891721585,1.45182107008376,0
19.02,-1.16199814651495,1.45433261637182,0
19.03,-1.16036491782508,1.45684907366265,0
19.04,-1.15873924584528,1.45937041930816,0
19.05,-1.15712114520659,1.46189663061624,0
19.06,-1.15551063047191,1.46442768485101,0
19.07,-1.15390771613585,1.46696355923301,0
19.08,-1.15231241662463,1.46950423093937,0
19.09,-1.15072474629594,1.47204967710407,0
19.1,-1.14914471943881,1.47459987481812,0
19.11,-1.14757235027345,1.47715480112975,0
19.12,-1.14600765295119,1.47971443304463,0
19.13,-1.14445064155429,1.48227874752611,0
19.14,-1.14290133009584,1.48484772149537,0
19.15,-1.14135973251963,1.48742133183165,0
19.16,-1.13982586270003,1.48999955537249,0
19.17,-1.13829973444187,1.49258236891389,0
19.18,-1.13678136148027,1.49516974921054,0
19.19,-1.1352707574806,1.49776167297604,0
19.2,-1.13376793603827,1.5003581168831,0
19.21,-1.13227291067867,1.50295905756373,0
19.22,-1.13078569485702,1.50556447160949,0
19.23,-1.12930630195825,1.50817433557166,0
19.24,-1.12783474529688,1.5107886259615,0
19.25,-1.12637103811692,1.5134073192504,0
19.26,-1.12491519359171,1.51603039187014,0
19.27,-1.12346722482386,1.51865782021309,0
19.28,-1.12202714484507,1.5212895806324,0
19.29,-1.12059496661605,1.52392564944226,0
19.3,-1.11917070302639,1.52656600291806,0
19.31,-1.11775436689446,1.52921061729664,0
19.32,-1.11634597096727,1.53185946877649,0
19.33,-1.11494552792038,1.53451253351796,0
19.34,-1.11355305035777,1.53716978764348,0
19.35,-1.11216855081171,1.53983120723779,0
19.36,-1.11079204174271,1.54249676834813,0
19.37,-1.10942353553933,1.54516644698447,0
19.38,-1.10806304451812,1.54784021911971,0
19.39,-1.10671058092348,1.55051806068993,0
19.4,-1.10536615692759,1.55319994759457,0
19.41,-1.10402978463025,1.55588585569666,0
19.42,-1.1027014760588,1.55857576082306,0
19.43,-1.10138124316801,1.56126963876463,0
19.44,-1.10006909783996,1.56396746527649,0
19.45,-1.09876505188395,1.56666921607821,0
19.46,-1.0974691170364,1.56937486685407,0
19.47,-1.0961813049607,1.57208439325322,0
19.48,-1.09490162724716,1.57479777088994,0
19.49,-1.09363009541286,1.57751497534386,0
19.5,-1.09236672090159,1.58023598216014,0
19.51,-1.0911115150837,1.58296076684975,0
19.52,-1.08986448925604,1.58568930488965,0
19.53,-1.08862565464183,1.588421571723,0
19.54,-1.08739502239058,1.59115754275943,0
19.55,-1.08617260357797,1.59389719337522,0
19.56,-1.08495840920575,1.59664049891352,0
19.57,-1.08375245020168,1.59938743468461,0
19.58,-1.08255473741937,1.60213797596608,0
19.59,-1.08136528163823,1.60489209800309,0
19.6,-1.08018409356336,1.60764977600855,0
19.61,-1.07901118382544,1.61041098516337,0
19.62,-1.07784656298064,1.6131757006167,0
19.63,-1.07669024151055,1.61594389748611,0
19.64,-1.07554222982206,1.61871555085785,0
19.65,-1.07440253824726,1.62149063578706,0
19.66,-1.07327117704337,1.62426912729799,0
19.67,-1.07214815639262,1.62705100038425,0
19.68,-1.07103348640221,1.62983623000898,0
19.69,-1.06992717710415,1.63262479110514,0
19.7,-1.06882923845522,1.6354166585757,0
19.71,-1.06773968033685,1.63821180729387,0
19.72,-1.06665851255507,1.64101021210334,0
19.73,-1.06558574484038,1.64381184781847,0
19.74,-1.06452138684768,1.64661668922457,0
19.75,-1.06346544815618,1.64942471107808,0
19.76,-1.06241793826932,1.65223588810683,0
19.77,-1.06137886661469,1.65505019501023,0
19.78,-1.06034824254393,1.65786760645955,0
19.79,-1.05932607533264,1.66068809709811,0
19.8,-1.05831237418032,1.6635116415415,0
19.81,-1.05730714821028,1.66633821437784,0
19.82,-1.05631040646954,1.669167790168,0
19.83,-1.05532215792878,1.67200034344582,0
19.84,-1.05434241148221,1.67483584871833,0
19.85,-1.05337117594756,1.67767428046601,0
19.86,-1.05240846006594,1.68051561314299,0
19.87,-1.05145427250178,1.6833598211773,0
19.88,-1.05050862184277,1.68620687897107,0
19.89,-1.04957151659974,1.68905676090082,0
19.9,-1.04864296520666,1.69190944131762,0
19.91,-1.04772297602046,1.69476489454737,0
19.92,-1.04681155732106,1.69762309489101,0
19.93,-1.0459087173112,1.70048401662475,0
19.94,-1.04501446411645,1.70334763400033,0
19.95,-1.04412880578507,1.70621392124519,0
19.96,-1.04325175028799,1.70908285256278,0
19.97,-1.0423833055187,1.71195440213273,0
19.98,-1.0415234792932,1.71482854411112,0
19.99,-1.04067227934991,1.71770525263069,0
20,-1.03982971334963,1.72058450180107,0
20.01,-1.03899578887546,1.72346626570906,0
20.02,-1.03817051343269,1.72635051841879,0
20.03,-1.03735389444881,1.729237233972,0
20.04,-1.03654593927339,1.73212638638828,0
20.05,-1.035746655178,1.73501794966528,0
20.06,-1.03495604935622,1.73791189777894,0
20.07,-1.03417412892347,1.74080820468375,0
20.08,-1.03340090091704,1.74370684431297,0
20.09,-1.03263637229598,1.74660779057886,0
20.1,-1.03188054994105,1.74951101737293,0
20.11,-1.03113344065462,1.75241649856614,0
20.12,-1.03039505116069,1.7553242080092,0
20.13,-1.02966538810476,1.75823411953274,0
20.14,-1.02894445805378,1.76114620694757,0
20.15,-1.02823226749613,1.76406044404492,0
20.16,-1.02752882284151,1.76697680459668,0
20.17,-1.02683413042091,1.76989526235563,0
20.18,-1.02614819648658,1.77281579105567,0
20.19,-1.02547102721191,1.77573836441205,0
20.2,-1.02480262869141,1.77866295612164,0
20.21,-1.02414300694067,1.78158953986313,0
20.22,-1.02349216789628,1.78451808929729,0
20.23,-1.02285011741579,1.78744857806719,0
20.24,-1.02221686127764,1.79038097979845,0
20.25,-1.02159240518115,1.79331526809948,0
20.26,-1.0209767547464,1.7962514165617,0
20.27,-1.02036991551426,1.79918939875979,0
20.28,-1.01977189294626,1.80212918825195,0
20.29,-1.0191826924246,1.80507075858007,0
20.3,-1.0186023192521,1.80801408327005,0
20.31,-1.0180307786521,1.81095913583198,0
20.32,-1.01746807576846,1.81390588976041,0
20.33,-1.01691421566551,1.81685431853458,0
20.34,-1.01636920332798,1.81980439561865,0
20.35,-1.01583304366098,1.82275609446194,0
20.36,-1.01530574148994,1.82570938849919,0
20.37,-1.01478730156059,1.82866425115076,0
20.38,-1.01427772853887,1.83162065582291,0
20.39,-1.01377702701094,1.83457857590803,0
20.4,-1.01328520148311,1.83753798478485,0
20.41,-1.0128022563818,1.8404988558187,0
20.42,-1.01232819605353,1.84346116236178,0
20.43,-1.01186302476482,1.84642487775334,0
20.44,-1.01140674670223,1.84938997531996,0
20.45,-1.01095936597223,1.85235642837579,0
20.46,-1.01052088660127,1.85532421022277,0
20.47,-1.01009131253565,1.85829329415088,0
20.48,-1.00967064764154,1.86126365343838,0
20.49,-1.00925889570491,1.86423526135207,0
20.5,-1.00885606043153,1.86720809114748,0
20.51,-1.00846214544692,1.87018211606918,0
20.52,-1.00807715429631,1.87315730935096,0
20.53,-1.00770109044461,1.8761336442161,0
20.54,-1.0073339572764,1.87911109387761,0
20.55,-1.00697575809587,1.88208963153846,0
20.56,-1.00662649612682,1.88506923039182,0
20.57,-1.0062861745126,1.88804986362134,0
20.58,-1.0059547963161,1.89103150440133,0
20.59,-1.00563236451973,1.89401412589704,0
20.6,-1.00531888202536,1.8969977012649,0
20.61,-1.00501435165434,1.89998220365276,0
20.62,-1.00471877614743,1.90296760620011,0
20.63,-1.00443215816483,1.90595388203835,0
20.64,-1.00415450028608,1.90894100429101,0
20.65,-1.0038858050101,1.91192894607403,0
20.66,-1.00362607475516,1.91491768049593,0
20.67,-1.00337531185882,1.91790718065813,0
20.68,-1.00313351857795,1.92089741965516,0
20.69,-1.00290069708867,1.92388837057487,0
20.7,-1.0026768494864,1.92688000649874,0
20.71,-1.00246197778575,1.92987230050205,0
20.72,-1.00225608392056,1.93286522565418,0
20.73,-1.00205916974388,1.93585875501884,0
20.74,-1.00187123702794,1.93885286165426,0
20.75,-1.00169228746413,1.94184751861351,0
20.76,-1.001522322663,1.94484269894471,0
20.77,-1.00136134415422,1.94783837569124,0
20.78,-1.0012093533866,1.95083452189204,0
20.79,-1.00106635172806,1.95383111058181,0
20.8,-1.00093234046561,1.95682811479127,0
20.81,-1.00080732080535,1.95982550754741,0
20.82,-1.00069129387246,1.96282326187371,0
20.83,-1.00058426071119,1.9658213507904,0
20.84,-1.00048622228481,1.9688197473147,0
20.85,-1.0003971794757,1.97181842446107,0
20.86,-1.00031713308522,1.97481735524143,0
20.87,-1.00024608383379,1.97781651266542,0
20.88,-1.00018403236086,1.98081586974065,0
20.89,-1.00013097922489,1.98381539947291,0
20.9,-1.00008692490336,1.98681507486648,0
20.91,-1.00005186979275,1.98981486892428,0
20.92,-1.00002581420857,1.99281475464819,0
20.93,-1.00000875838531,1.99581470503926,0
20.94,-1.00000070247647,1.99881469309796,0
